{"presets":{"Chameleon":{"block_width_int":250,"block_gut_int":10,"use_logo_img":false,"logo":"","use_logo_margin":false,"bg_col":"#ffffff","bg_image":"","bg_method":"repeatxy","bg_image_mobile":"","font_col_base":"#5b6169","font_col_heads":"#212121","font_col_link":"#512da8","font_col_div":"#e7e7e7","btn_col":"#212121","btn_col_txt":"#ffffff","font_col_shoptitle":"#212121","logo_bg_col":"#fffca3","header_bg_col":"#212121","header_text_col":"#ffffff","panel_bg_col":"#fffca3","panel_txt_pri_col":"#212121","coll_col_sale":"#e91e63","coll_col_sold":"#607d8b","coll_col_gen":"#00bcd4","font_fam_base":"GWF|Roboto|400","font_fam_head":"GWF|Roboto|400","font_fam_shoptitle":"GWF|Roboto|400","font_size_base_int":14,"prod_block_qv":true,"prod_show_sku":true,"prod_show_vendor":true,"prod_block_label_loc":"c","prod_label_sale_enabled":true,"prod_label_soldout_enabled":true,"prod_stock_warn_show":true,"prod_stock_warn_limit_int":5,"adv_ratio":true,"prod_thumb_img_ratio":"100","search_type":"product","favicon":"","show_multiple_currencies":false,"currency_format":"money_with_currency_format","supported_currencies":"CAD USD","default_currency":"CAD","enable_ajax_add":true,"cart_terms_show":false,"cart_terms_page":"frontpage","shipping_calculator":"Disabled","shipping_calculator_default_country":"United States"},"Flamingo":{"block_width_int":250,"block_gut_int":10,"use_logo_img":false,"logo":"","use_logo_margin":false,"bg_col":"#ffffff","bg_image":"","bg_method":"repeatxy","bg_image_mobile":"","font_col_base":"#4a597f","font_col_heads":"#002a50","font_col_link":"#039be5","font_col_div":"#e7e7e7","btn_col":"#002a50","btn_col_txt":"#ffffff","font_col_shoptitle":"#ffffff","logo_bg_col":"#00bcd4","header_bg_col":"#58585a","header_text_col":"#ffffff","panel_bg_col":"#00bcd4","panel_txt_pri_col":"#ffffff","coll_col_sale":"#ff0066","coll_col_sold":"#666666","coll_col_gen":"#3f51b5","font_fam_base":"GWF|Work+Sans|400","font_fam_head":"GWF|Work+Sans|600","font_fam_shoptitle":"GWF|Roboto+Mono|700","font_size_base_int":14,"prod_block_qv":true,"prod_show_sku":true,"prod_show_vendor":true,"prod_block_label_loc":"c","prod_label_sale_enabled":true,"prod_label_soldout_enabled":true,"prod_stock_warn_show":true,"prod_stock_warn_limit_int":5,"adv_ratio":false,"prod_thumb_img_ratio":"100","show_multiple_currencies":false,"currency_format":"money_with_currency_format","supported_currencies":"CAD USD","default_currency":"CAD","enable_ajax_add":true,"cart_terms_show":false,"cart_terms_page":"frontpage","shipping_calculator":"Disabled","shipping_calculator_default_country":"United States"},"Dragonfly":{"block_width_int":250,"block_gut_int":10,"use_logo_img":false,"logo":"","use_logo_margin":false,"bg_col":"#fdfdf9","bg_image":"","bg_method":"repeatxy","bg_image_mobile":"","font_col_base":"#5d5d60","font_col_heads":"#28282c","font_col_link":"#4b708f","font_col_div":"#cfdbe0","btn_col":"#4b708f","btn_col_txt":"#fdfdf9","font_col_shoptitle":"#0c0f22","logo_bg_col":"#a9d1d6","header_bg_col":"#0c0f22","header_text_col":"#fdfdf9","panel_bg_col":"#fdfdf9","panel_txt_pri_col":"#4b708f","coll_col_sale":"#4b708f","coll_col_sold":"#0c0f22","coll_col_gen":"#a9d1d6","font_fam_base":"GWF|Karla|400","font_fam_head":"GWF|Karla|700","font_fam_shoptitle":"GWF|Karla|700","font_size_base_int":14,"prod_block_qv":true,"prod_show_sku":true,"prod_show_vendor":true,"prod_block_label_loc":"c","prod_label_sale_enabled":true,"prod_label_soldout_enabled":true,"prod_stock_warn_show":true,"prod_stock_warn_limit_int":5,"adv_ratio":false,"prod_thumb_img_ratio":"100","show_multiple_currencies":false,"currency_format":"money_with_currency_format","supported_currencies":"CAD USD","default_currency":"CAD","enable_ajax_add":true,"cart_terms_show":false,"cart_terms_page":"frontpage","shipping_calculator":"Disabled","shipping_calculator_default_country":"United States"},"Coyote":{"block_width_int":350,"block_gut_int":10,"use_logo_img":false,"logo":"","use_logo_margin":false,"bg_col":"#ffffff","bg_image":"","bg_method":"repeatxy","bg_image_mobile":"","font_col_base":"#343434","font_col_heads":"#000000","font_col_link":"#f95400","font_col_div":"#e7e7e7","btn_col":"#f95400","btn_col_txt":"#ffffff","font_col_shoptitle":"#ffffff","logo_bg_col":"#141414","header_bg_col":"#333333","header_text_col":"#d6d6d6","panel_bg_col":"#141414","panel_txt_pri_col":"#ffffff","coll_col_sale":"#ff5555","coll_col_sold":"#141414","coll_col_gen":"#f95400","font_fam_base":"GWF|Droid+Sans|400","font_fam_head":"GWF|Droid+Sans|700","font_fam_shoptitle":"GWF|Droid+Sans|700","font_size_base_int":14,"prod_block_qv":true,"prod_show_sku":true,"prod_show_vendor":true,"prod_block_label_loc":"c","prod_label_sale_enabled":true,"prod_label_soldout_enabled":true,"prod_stock_warn_show":true,"prod_stock_warn_limit_int":5,"adv_ratio":true,"prod_thumb_img_ratio":"100","show_multiple_currencies":true,"currency_format":"money_with_currency_format","supported_currencies":"CAD USD","default_currency":"CAD","enable_ajax_add":true,"cart_terms_show":false,"cart_terms_page":"frontpage","shipping_calculator":"Disabled","shipping_calculator_default_country":"United States"}},"current":{"font_col_base":"#343434","font_col_heads":"#000000","font_col_link":"#f95400","font_col_div":"#e7e7e7","btn_col":"#f95400","btn_col_txt":"#ffffff","font_col_shoptitle":"#ffffff","logo_bg_col":"#141414","header_bg_col":"#333333","header_text_col":"#d6d6d6","panel_bg_col":"#141414","panel_txt_pri_col":"#ffffff","bg_col":"#ffffff","bg_image":"","bg_method":"repeatxy","bg_image_mobile":"","coll_col_sale":"#ff5555","coll_col_sold":"#141414","coll_col_gen":"#f95400","font_fam_base":"GWF|Droid+Sans|400","font_fam_head":"GWF|Droid+Sans|700","font_fam_shoptitle":"GWF|Droid+Sans|700","font_size_base_int":14,"prod_block_qv":true,"prod_block_label_loc":"c","prod_label_sale_enabled":true,"prod_label_soldout_enabled":true,"prod_stock_warn_show":true,"prod_stock_warn_limit_int":5,"block_width_int":350,"block_gut_int":10,"adv_ratio":true,"prod_thumb_img_ratio":"100","search_type":"product","favicon":"","social_twitter_url":"","social_facebook_url":"","social_pinterest_url":"","social_vimeo_url":"","social_youtube_url":"","social_instagram_url":"","social_google_url":"","show_multiple_currencies":true,"currency_format":"money_with_currency_format","supported_currencies":"CAD USD","default_currency":"CAD","checkout_header_image":"","checkout_logo_image":"","checkout_logo_position":"left","checkout_logo_size":"medium","checkout_body_background_image":"","checkout_body_background_color":"#fff","checkout_input_background_color_mode":"white","checkout_sidebar_background_image":"","checkout_sidebar_background_color":"#fafafa","checkout_heading_font":"Helvetica Neue","checkout_body_font":"Helvetica Neue","checkout_accent_color":"#1990c6","checkout_button_color":"#1990c6","checkout_error_color":"#ff6d6d","enable_ajax_add":true,"cart_terms_show":false,"cart_terms_page":"frontpage","shipping_calculator":"Disabled","shipping_calculator_default_country":"United States","use_logo_img":false,"logo":"","use_logo_margin":false,"prod_show_sku":true,"prod_show_vendor":true,"sections":{"header":{"type":"header","settings":{"logo":"","use_logo_margin":false,"menu_linklist":"main-menu","sidebar_submenu_style":"out","show_store_message":true,"store_message":"New Arrivals Now Online & In-store","store_message_url":""}},"footer":{"type":"footer","settings":{"show_signup":true,"menu_linklist":"footer"}},"collection-template":{"type":"collection-template","settings":{"coll_num_per_page_int":24,"coll_infscr":false,"coll_show_sort":true,"coll_show_feat":true,"show_tagfilt_ungrouped":true,"show_tagfilt_custom1":false,"tagfilt_custom1_name":"","tagfilt_custom1_tags":"","show_tagfilt_custom2":false,"tagfilt_custom2_name":"","tagfilt_custom2_tags":""}},"blog-template":{"type":"blog-template","settings":{"display_mode_list":false,"show_author":false,"block_width_int":250,"block_gut_int":15}},"product-template":{"type":"product-template","settings":{"prod_show_sku":false,"prod_show_vendor":false,"prod_show_type":true,"prod_show_tags":true,"prod_desc_under":true,"enable_ajax_add":true,"related_products_show":true}},"1478012417548":{"type":"featured-blog","settings":{"title":"Blog posts","blog":"","show_author":false}},"1478617204733":{"type":"slideshow","blocks":{"1479471967287":{"type":"image","settings":{"image":"","link_url":"","heading":"Slideshow","button_text":"See more","overlay_position":"posy-middle posx-middle","overlay_color":"col-light"}},"1479471970527":{"type":"image","settings":{"image":"","link_url":"","heading":"Slideshow","button_text":"See more","overlay_position":"posy-middle posx-middle","overlay_color":"col-light"}}},"block_order":["1479471967287","1479471970527"],"settings":{"type":"header","slide_overlay_font":"GWF|Roboto+Mono|700","slide_overlay_line1_size_int":60}},"1479310709089":{"type":"custom-row","blocks":{"1479310709089-0":{"type":"image","settings":{"image":"","link_url":"","text":"","color":"#ffffff"}},"1479310709089-1":{"type":"image","settings":{"image":"","link_url":"","text":"","color":"#ffffff"}},"1479310709089-2":{"type":"image","settings":{"image":"","link_url":"","text":"","color":"#ffffff"}}},"block_order":["1479310709089-0","1479310709089-1","1479310709089-2"],"settings":{}},"1481722768807":{"type":"featured-collection","settings":{"title":"Featured collection","collection":""}},"1481722846884":{"type":"instagram","settings":{"title":"Instagram feed","access_token":""}},"1481722861363":{"type":"featured-text","settings":{"title":"Rich text","text":"<p>Use this text to share information about your brand with your customers. Describe a product, share announcements, or welcome customers to your store.<\/p>"}},"cart-template":{"type":"cart-template","settings":{"cart_terms_show":false,"cart_terms_page":"","shipping_calculator":"Disabled","shipping_calculator_default_country":"United States"}}},"content_for_index":["1478617204733","1481722861363","1481722768807","1478012417548","1479310709089","1481722846884"]}}