[
  {
    "name": "theme_info",
    "theme_name": "District",
    "theme_author": "Style Hatch",
    "theme_version": "2.4.0",
    "theme_documentation_url": "http://help.stylehatch.com/",
    "theme_support_email": "help@stylehatch.com"
  },
  {
    "name": "Colors",
    "settings": [
      {
        "type": "header",
        "content": "Primary"
      },
      {
        "type": "color",
        "id": "primary_text_color",
        "label": "Text",
        "default": "#4f4f4f"
      },
      {
        "type": "color",
        "id": "primary_title_color",
        "label": "Title",
        "default": "#000000"
      },
      {
        "type": "color",
        "id": "primary_background_color",
        "label": "Background",
        "default": "#ffffff"
      },
      {
        "type": "color",
        "id": "content_box_background_color",
        "label": "Content box background",
        "default": "#f8f8f8"
      },
      {
        "type": "color",
        "id": "primary_accent_color",
        "label": "Accent",
        "default": "#34b0b0"
      },
      {
        "type": "checkbox",
        "id": "primary_dropshadow",
        "label": "Show drop-shadows on boxes",
        "default": false
      },
      {
         "type": "checkbox",
         "id": "homepage_show_borders",
         "label": "Show borders between sections",
         "default": true
      },
      {
        "type": "header",
        "content": "Top bar"
      },
      {
        "type": "color",
        "id": "site_border_color",
        "label": "Background",
        "default": "#e9e9e9"
      },
      {
        "type": "color",
        "id": "site_border_text_color",
        "label": "Text",
        "default": "#505050"
      },
      {
        "type": "header",
        "content": "Site header"
      },
      {
        "type": "color",
        "id": "site_header_title_text_color",
        "label": "Title",
        "default": "#000000"
      },
      {
        "type": "color",
        "id": "site_header_nav_text_color",
        "label": "Navigation",
        "default": "#000000"
      },
      {
        "type": "color",
        "id": "site_header_background_color",
        "label": "Background",
        "default": "#ffffff"
      },
      {
        "type": "color",
        "id": "site_header_accent_color",
        "label": "Accent",
        "default": "#34b0b0"
      },
      {
        "type": "header",
        "content": "Footer"
      },
      {
        "type": "color",
        "id": "footer_background_color",
        "label": "Background",
        "default": "#e9e9e9"
      },
      {
        "type": "color",
        "id": "footer_title_text_color",
        "label": "Text",
        "default": "#606060"
      },
      {
        "type": "color",
        "id": "footer_title_accent_color",
        "label": "Links",
        "default": "#565656"
      }
    ]
  },
  {
    "name": "Typography",
    "settings": [
      {
        "type": "header",
        "content": "Body"
      },
      {
        "type": "select",
        "id": "typography_body_family",
        "label": "Font",
        "options": [
          {
            "value": "'Avant Garde', Avantgarde, 'Century Gothic', CenturyGothic, 'AppleGothic', sans-serif",
            "label": "Avant Garde",
            "group": "Sans-serif"
          },
          {
            "value": "'Gill Sans', 'Gill Sans MT', Calibri, sans-serif",
            "label": "Gill Sans",
            "group": "Sans-serif"
          },
          {
            "value": "'HelveticaNeue', 'Helvetica Neue', Helvetica, Arial, sans-serif",
            "label": "Helvetica Neue",
            "group": "Sans-serif"
          },
          {
            "value": "Arial, 'Helvetica Neue', Helvetica, sans-serif",
            "label": "Arial",
            "group": "Sans-serif"
          },
          {
            "value": "Candara, Calibri, Segoe, 'Segoe UI', Optima, Arial, sans-serif",
            "label": "Candara",
            "group": "Sans-serif"
          },
          {
            "value": "Geneva, Tahoma, Verdana, sans-serif",
            "label": "Geneva",
            "group": "Sans-serif"
          },
          {
            "value": "Google_Droid+Sans:400,700_sans",
            "label": "Droid Sans",
            "group": "Sans-serif | Google Web Fonts"
          },
          {
            "value": "Google_Karla:400,400italic,700,700italic_sans",
            "label": "Karla",
            "group": "Sans-serif | Google Web Fonts"
          },
          {
            "value": "Google_Lato:400,400italic,700,700italic_sans",
            "label": "Lato",
            "group": "Sans-serif | Google Web Fonts"
          },
          {
            "value": "Google_Martel+Sans:400,700_sans",
            "label": "Martel Sans",
            "group": "Sans-serif | Google Web Fonts"
          },
          {
            "value": "Google_Montserrat:400,700_sans",
            "label": "Montserrat",
            "group": "Sans-serif | Google Web Fonts"
          },
          {
            "value": "Google_Noto+Sans:400,400italic,700,700italic_sans",
            "label": "Noto Sans",
            "group": "Sans-serif | Google Web Fonts"
          },
          {
            "value": "Google_Open+Sans:400,400italic,700,700italic_sans",
            "label": "Open Sans",
            "group": "Sans-serif | Google Web Fonts"
          },
          {
            "value": "Google_Open+Sans+Condensed:300,300italic",
            "label": "Open Sans Condensed Thin",
            "group": "Sans-serif | Google Web Fonts"
          },
          {
            "value": "Google_Open+Sans+Condensed:700",
            "label": "Open Sans Condensed Bold",
            "group": "Sans-serif | Google Web Fonts"
          },
          {
            "value": "Google_PT+Sans:400,400italic,700,700italic_sans",
            "label": "PT Sans",
            "group": "Sans-serif | Google Web Fonts"
          },
          {
            "value": "Google_Quantico:400,400italic,700,700italic_sans",
            "label": "Quantico",
            "group": "Sans-serif | Google Web Fonts"
          },
          {
            "value": "Google_Raleway:400,700_sans",
            "label": "Raleway",
            "group": "Sans-serif | Google Web Fonts"
          },
          {
            "value": "Google_Roboto:400,400italic,700,700italic_sans",
            "label": "Roboto",
            "group": "Sans-serif | Google Web Fonts"
          },
          {
            "value": "Google_Source+Sans+Pro:400,400italic,700,700italic_sans",
            "label": "Source Sans Pro",
            "group": "Sans-serif | Google Web Fonts"
          },
          {
            "value": "Google_Titillium+Web:400,400italic,700,700italic_sans",
            "label": "Titillium Web",
            "group": "Sans-serif | Google Web Fonts"
          },
          {
            "value": "Google_Ubuntu:400,400italic,700,700italic_sans",
            "label": "Ubuntu",
            "group": "Sans-serif | Google Web Fonts"
          },
          {
            "value": "'Big Caslon', 'Book Antiqua', 'Palatino Linotype', Georgia, serif",
            "label": "Big Caslon",
            "group": "Serif"
          },
          {
            "value": "'Calisto MT', 'Bookman Old Style', Bookman, 'Goudy Old Style', Garamond, 'Hoefler Text', 'Bitstream Charter', Georgia, serif",
            "label": "Calisto MT",
            "group": "Serif"
          },
          {
            "value": "Baskerville, 'Baskerville Old Face', 'Hoefler Text', Garamond, 'Times New Roman', serif",
            "label": "Baskerville",
            "group": "Serif"
          },
          {
            "value": "Garamond, Baskerville, 'Baskerville Old Face', 'Hoefler Text', 'Times New Roman', serif",
            "label": "Garamond",
            "group": "Serif"
          },
          {
            "value": "TimesNewRoman, 'Times New Roman', Times, Baskerville, Georgia, serif",
            "label": "Times New Roman",
            "group": "Serif"
          },
          {
            "value": "Google_Arvo:400,400italic,700,700italic_serif",
            "label": "Arvo",
            "group": "Serif | Google Web Fonts"
          },
          {
            "value": "Google_Bitter:400,400italic,700_serif",
            "label": "Bitter",
            "group": "Serif | Google Web Fonts"
          },
          {
            "value": "Google_Crimson+Text:400,400italic,700,700italic_serif",
            "label": "Crimson Text",
            "group": "Serif | Google Web Fonts"
          },
          {
            "value": "Google_Droid+Serif:400,400italic,700,700italic_serif",
            "label": "Droid Serif",
            "group": "Serif | Google Web Fonts"
          },
          {
            "value": "Google_Lora:400,400italic,700,700italic_serif",
            "label": "Lora",
            "group": "Serif | Google Web Fonts"
          },
          {
            "value": "Google_Martel:400,700_serif",
            "label": "Martel",
            "group": "Serif | Google Web Fonts"
          },
          {
            "value": "Google_Noto+Serif:400,400italic,700,700italic_serif",
            "label": "Noto Serif",
            "group": "Serif | Google Web Fonts"
          },
          {
            "value": "Google_Noticia+Text:400,400italic,700,700italic_serif",
            "label": "Noticia Text",
            "group": "Serif | Google Web Fonts"
          },
          {
            "value": "Google_Merriweather:400,400italic,700,700italic_serif",
            "label": "Merriweather",
            "group": "Serif | Google Web Fonts"
          },
          {
            "value": "Google_Old+Standard+TT:400,400italic,700_serif",
            "label": "Old Standard",
            "group": "Serif | Google Web Fonts"
          },
          {
            "value": "Google_PT+Serif:400,400italic,700,700italic_serif",
            "label": "PT Serif",
            "group": "Serif | Google Web Fonts"
          },
          {
            "value": "Google_PT+Serif+Caption:400,400italic_serif",
            "label": "PT Serif Caption",
            "group": "Serif | Google Web Fonts"
          },
          {
            "value": "Google_Source+Serif+Pro:400,600,700_serif",
            "label": "Source Serif Pro",
            "group": "Serif | Google Web Fonts"
          },
          {
            "value": "Google_Vollkorn:400,400italic,700,700italic_serif",
            "label": "Vollkorn",
            "group": "Serif | Google Web Fonts"
          }
        ]
      },
      {
        "type": "header",
        "content": "Headings"
      },
      {
        "type": "select",
        "id": "typography_headings_family",
        "label": "Font",
        "options": [
          {
            "value": "'Avant Garde', Avantgarde, 'Century Gothic', CenturyGothic, 'AppleGothic', sans-serif",
            "label": "Avant Garde",
            "group": "Sans-serif"
          },
          {
            "value": "'Gill Sans', 'Gill Sans MT', Calibri, sans-serif",
            "label": "Gill Sans",
            "group": "Sans-serif"
          },
          {
            "value": "'HelveticaNeue', 'Helvetica Neue', Helvetica, Arial, sans-serif",
            "label": "Helvetica Neue",
            "group": "Sans-serif"
          },
          {
            "value": "Arial, 'Helvetica Neue', Helvetica, sans-serif",
            "label": "Arial",
            "group": "Sans-serif"
          },
          {
            "value": "Candara, Calibri, Segoe, 'Segoe UI', Optima, Arial, sans-serif",
            "label": "Candara",
            "group": "Sans-serif"
          },
          {
            "value": "Geneva, Tahoma, Verdana, sans-serif",
            "label": "Geneva",
            "group": "Sans-serif"
          },
          {
            "value": "Google_Droid+Sans:400,700_sans",
            "label": "Droid Sans",
            "group": "Sans-serif | Google Web Fonts"
          },
          {
            "value": "Google_Karla:400,400italic,700,700italic_sans",
            "label": "Karla",
            "group": "Sans-serif | Google Web Fonts"
          },
          {
            "value": "Google_Lato:400,400italic,700,700italic_sans",
            "label": "Lato",
            "group": "Sans-serif | Google Web Fonts"
          },
          {
            "value": "Google_Martel+Sans:400,700_sans",
            "label": "Martel Sans",
            "group": "Sans-serif | Google Web Fonts"
          },
          {
            "value": "Google_Montserrat:400,700_sans",
            "label": "Montserrat",
            "group": "Sans-serif | Google Web Fonts"
          },
          {
            "value": "Google_Noto+Sans:400,400italic,700,700italic_sans",
            "label": "Noto Sans",
            "group": "Sans-serif | Google Web Fonts"
          },
          {
            "value": "Google_Open+Sans:400,400italic,700,700italic_sans",
            "label": "Open Sans",
            "group": "Sans-serif | Google Web Fonts"
          },
          {
            "value": "Google_Open+Sans+Condensed:300,300italic",
            "label": "Open Sans Condensed Thin",
            "group": "Sans-serif | Google Web Fonts"
          },
          {
            "value": "Google_Open+Sans+Condensed:700",
            "label": "Open Sans Condensed Bold",
            "group": "Sans-serif | Google Web Fonts"
          },
          {
            "value": "Google_PT+Sans:400,400italic,700,700italic_sans",
            "label": "PT Sans",
            "group": "Sans-serif | Google Web Fonts"
          },
          {
            "value": "Google_Quantico:400,400italic,700,700italic_sans",
            "label": "Quantico",
            "group": "Sans-serif | Google Web Fonts"
          },
          {
            "value": "Google_Raleway:400,700_sans",
            "label": "Raleway",
            "group": "Sans-serif | Google Web Fonts"
          },
          {
            "value": "Google_Roboto:400,400italic,700,700italic_sans",
            "label": "Roboto",
            "group": "Sans-serif | Google Web Fonts"
          },
          {
            "value": "Google_Source+Sans+Pro:400,400italic,700,700italic_sans",
            "label": "Source Sans Pro",
            "group": "Sans-serif | Google Web Fonts"
          },
          {
            "value": "Google_Titillium+Web:400,400italic,700,700italic_sans",
            "label": "Titillium Web",
            "group": "Sans-serif | Google Web Fonts"
          },
          {
            "value": "Google_Ubuntu:400,400italic,700,700italic_sans",
            "label": "Ubuntu",
            "group": "Sans-serif | Google Web Fonts"
          },
          {
            "value": "'Big Caslon', 'Book Antiqua', 'Palatino Linotype', Georgia, serif",
            "label": "Big Caslon",
            "group": "Serif"
          },
          {
            "value": "'Calisto MT', 'Bookman Old Style', Bookman, 'Goudy Old Style', Garamond, 'Hoefler Text', 'Bitstream Charter', Georgia, serif",
            "label": "Calisto MT",
            "group": "Serif"
          },
          {
            "value": "Baskerville, 'Baskerville Old Face', 'Hoefler Text', Garamond, 'Times New Roman', serif",
            "label": "Baskerville",
            "group": "Serif"
          },
          {
            "value": "Garamond, Baskerville, 'Baskerville Old Face', 'Hoefler Text', 'Times New Roman', serif",
            "label": "Garamond",
            "group": "Serif"
          },
          {
            "value": "TimesNewRoman, 'Times New Roman', Times, Baskerville, Georgia, serif",
            "label": "Times New Roman",
            "group": "Serif"
          },
          {
            "value": "Google_Arvo:400,400italic,700,700italic_serif",
            "label": "Arvo",
            "group": "Serif | Google Web Fonts"
          },
          {
            "value": "Google_Bitter:400,400italic,700_serif",
            "label": "Bitter",
            "group": "Serif | Google Web Fonts"
          },
          {
            "value": "Google_Crimson+Text:400,400italic,700,700italic_serif",
            "label": "Crimson Text",
            "group": "Serif | Google Web Fonts"
          },
          {
            "value": "Google_Droid+Serif:400,400italic,700,700italic_serif",
            "label": "Droid Serif",
            "group": "Serif | Google Web Fonts"
          },
          {
            "value": "Google_Lora:400,400italic,700,700italic_serif",
            "label": "Lora",
            "group": "Serif | Google Web Fonts"
          },
          {
            "value": "Google_Martel:400,700_serif",
            "label": "Martel",
            "group": "Serif | Google Web Fonts"
          },
          {
            "value": "Google_Noto+Serif:400,400italic,700,700italic_serif",
            "label": "Noto Serif",
            "group": "Serif | Google Web Fonts"
          },
          {
            "value": "Google_Noticia+Text:400,400italic,700,700italic_serif",
            "label": "Noticia Text",
            "group": "Serif | Google Web Fonts"
          },
          {
            "value": "Google_Merriweather:400,400italic,700,700italic_serif",
            "label": "Merriweather",
            "group": "Serif | Google Web Fonts"
          },
          {
            "value": "Google_Old+Standard+TT:400,400italic,700_serif",
            "label": "Old Standard",
            "group": "Serif | Google Web Fonts"
          },
          {
            "value": "Google_PT+Serif:400,400italic,700,700italic_serif",
            "label": "PT Serif",
            "group": "Serif | Google Web Fonts"
          },
          {
            "value": "Google_PT+Serif+Caption:400,400italic_serif",
            "label": "PT Serif Caption",
            "group": "Serif | Google Web Fonts"
          },
          {
            "value": "Google_Source+Serif+Pro:400,600,700_serif",
            "label": "Source Serif Pro",
            "group": "Serif | Google Web Fonts"
          },
          {
            "value": "Google_Vollkorn:400,400italic,700,700italic_serif",
            "label": "Vollkorn",
            "group": "Serif | Google Web Fonts"
          }
        ]
      },
      {
        "type": "checkbox",
        "id": "typography_headings_capitalize",
        "label": "Capitalize",
        "default": true
      },
      {
        "type": "checkbox",
        "id": "typography_headings_bold",
        "label": "Bold page titles",
        "default": true
      },
      {
        "type": "header",
        "content": "Navigation"
      },
      {
        "type": "select",
        "id": "typography_navigation_family",
        "label": "Font",
        "options": [
          {
            "value": "'Avant Garde', Avantgarde, 'Century Gothic', CenturyGothic, 'AppleGothic', sans-serif",
            "label": "Avant Garde",
            "group": "Sans-serif"
          },
          {
            "value": "'Gill Sans', 'Gill Sans MT', Calibri, sans-serif",
            "label": "Gill Sans",
            "group": "Sans-serif"
          },
          {
            "value": "'HelveticaNeue', 'Helvetica Neue', Helvetica, Arial, sans-serif",
            "label": "Helvetica Neue",
            "group": "Sans-serif"
          },
          {
            "value": "Arial, 'Helvetica Neue', Helvetica, sans-serif",
            "label": "Arial",
            "group": "Sans-serif"
          },
          {
            "value": "Candara, Calibri, Segoe, 'Segoe UI', Optima, Arial, sans-serif",
            "label": "Candara",
            "group": "Sans-serif"
          },
          {
            "value": "Geneva, Tahoma, Verdana, sans-serif",
            "label": "Geneva",
            "group": "Sans-serif"
          },
          {
            "value": "Google_Droid+Sans:400,700_sans",
            "label": "Droid Sans",
            "group": "Sans-serif | Google Web Fonts"
          },
          {
            "value": "Google_Karla:400,400italic,700,700italic_sans",
            "label": "Karla",
            "group": "Sans-serif | Google Web Fonts"
          },
          {
            "value": "Google_Lato:400,400italic,700,700italic_sans",
            "label": "Lato",
            "group": "Sans-serif | Google Web Fonts"
          },
          {
            "value": "Google_Martel+Sans:400,700_sans",
            "label": "Martel Sans",
            "group": "Sans-serif | Google Web Fonts"
          },
          {
            "value": "Google_Montserrat:400,700_sans",
            "label": "Montserrat",
            "group": "Sans-serif | Google Web Fonts"
          },
          {
            "value": "Google_Noto+Sans:400,400italic,700,700italic_sans",
            "label": "Noto Sans",
            "group": "Sans-serif | Google Web Fonts"
          },
          {
            "value": "Google_Open+Sans:400,400italic,700,700italic_sans",
            "label": "Open Sans",
            "group": "Sans-serif | Google Web Fonts"
          },
          {
            "value": "Google_Open+Sans+Condensed:300,300italic",
            "label": "Open Sans Condensed Thin",
            "group": "Sans-serif | Google Web Fonts"
          },
          {
            "value": "Google_Open+Sans+Condensed:700",
            "label": "Open Sans Condensed Bold",
            "group": "Sans-serif | Google Web Fonts"
          },
          {
            "value": "Google_PT+Sans:400,400italic,700,700italic_sans",
            "label": "PT Sans",
            "group": "Sans-serif | Google Web Fonts"
          },
          {
            "value": "Google_Quantico:400,400italic,700,700italic_sans",
            "label": "Quantico",
            "group": "Sans-serif | Google Web Fonts"
          },
          {
            "value": "Google_Raleway:400,700_sans",
            "label": "Raleway",
            "group": "Sans-serif | Google Web Fonts"
          },
          {
            "value": "Google_Roboto:400,400italic,700,700italic_sans",
            "label": "Roboto",
            "group": "Sans-serif | Google Web Fonts"
          },
          {
            "value": "Google_Source+Sans+Pro:400,400italic,700,700italic_sans",
            "label": "Source Sans Pro",
            "group": "Sans-serif | Google Web Fonts"
          },
          {
            "value": "Google_Titillium+Web:400,400italic,700,700italic_sans",
            "label": "Titillium Web",
            "group": "Sans-serif | Google Web Fonts"
          },
          {
            "value": "Google_Ubuntu:400,400italic,700,700italic_sans",
            "label": "Ubuntu",
            "group": "Sans-serif | Google Web Fonts"
          },
          {
            "value": "'Big Caslon', 'Book Antiqua', 'Palatino Linotype', Georgia, serif",
            "label": "Big Caslon",
            "group": "Serif"
          },
          {
            "value": "'Calisto MT', 'Bookman Old Style', Bookman, 'Goudy Old Style', Garamond, 'Hoefler Text', 'Bitstream Charter', Georgia, serif",
            "label": "Calisto MT",
            "group": "Serif"
          },
          {
            "value": "Baskerville, 'Baskerville Old Face', 'Hoefler Text', Garamond, 'Times New Roman', serif",
            "label": "Baskerville",
            "group": "Serif"
          },
          {
            "value": "Garamond, Baskerville, 'Baskerville Old Face', 'Hoefler Text', 'Times New Roman', serif",
            "label": "Garamond",
            "group": "Serif"
          },
          {
            "value": "TimesNewRoman, 'Times New Roman', Times, Baskerville, Georgia, serif",
            "label": "Times New Roman",
            "group": "Serif"
          },
          {
            "value": "Google_Arvo:400,400italic,700,700italic_serif",
            "label": "Arvo",
            "group": "Serif | Google Web Fonts"
          },
          {
            "value": "Google_Bitter:400,400italic,700_serif",
            "label": "Bitter",
            "group": "Serif | Google Web Fonts"
          },
          {
            "value": "Google_Crimson+Text:400,400italic,700,700italic_serif",
            "label": "Crimson Text",
            "group": "Serif | Google Web Fonts"
          },
          {
            "value": "Google_Droid+Serif:400,400italic,700,700italic_serif",
            "label": "Droid Serif",
            "group": "Serif | Google Web Fonts"
          },
          {
            "value": "Google_Lora:400,400italic,700,700italic_serif",
            "label": "Lora",
            "group": "Serif | Google Web Fonts"
          },
          {
            "value": "Google_Martel:400,700_serif",
            "label": "Martel",
            "group": "Serif | Google Web Fonts"
          },
          {
            "value": "Google_Noto+Serif:400,400italic,700,700italic_serif",
            "label": "Noto Serif",
            "group": "Serif | Google Web Fonts"
          },
          {
            "value": "Google_Noticia+Text:400,400italic,700,700italic_serif",
            "label": "Noticia Text",
            "group": "Serif | Google Web Fonts"
          },
          {
            "value": "Google_Merriweather:400,400italic,700,700italic_serif",
            "label": "Merriweather",
            "group": "Serif | Google Web Fonts"
          },
          {
            "value": "Google_Old+Standard+TT:400,400italic,700_serif",
            "label": "Old Standard",
            "group": "Serif | Google Web Fonts"
          },
          {
            "value": "Google_PT+Serif:400,400italic,700,700italic_serif",
            "label": "PT Serif",
            "group": "Serif | Google Web Fonts"
          },
          {
            "value": "Google_PT+Serif+Caption:400,400italic_serif",
            "label": "PT Serif Caption",
            "group": "Serif | Google Web Fonts"
          },
          {
            "value": "Google_Source+Serif+Pro:400,600,700_serif",
            "label": "Source Serif Pro",
            "group": "Serif | Google Web Fonts"
          },
          {
            "value": "Google_Vollkorn:400,400italic,700,700italic_serif",
            "label": "Vollkorn",
            "group": "Serif | Google Web Fonts"
          }
        ]
      }
    ]
  },
  {
    "name": "Favicon",
    "settings": [
      {
        "type": "image_picker",
        "id": "favicon",
        "label": "Favicon image",
        "info": "Will be scaled down to 32 x 32px"
      }
    ]
  },
  {
    "name": "Product grid",
    "settings": [
      {
        "type": "radio",
        "id": "collections_product_columns",
        "label": "Product columns to show on mobile",
        "options": [
          {
            "value": "1",
            "label": "1"
          },
          {
            "value": "2",
            "label": "2"
          }
        ],
        "default": "1"
      },
      {
        "type": "checkbox",
        "id": "show_vendors",
        "label": "Show product vendors",
        "default": false
      },
      {
        "type": "checkbox",
        "id": "variant_rollover",
        "label": "Show variant image on rollover",
        "default": true
      }
    ]
  },
  {
    "name": "Cart",
    "settings": [
      {
        "type": "checkbox",
        "id": "ajax_cart_enable",
        "label": "Stay on current page when an item is added to the cart",
        "default": true
      }
    ]
  },
  {
    "name": "Social media",
    "settings": [
      {
        "type": "header",
        "content": "Accounts"
      },
      {
        "type": "text",
        "id": "social_twitter_link",
        "label": "Twitter",
        "info": "https://www.twitter.com/stylehatch"
      },
      {
        "type": "text",
        "id": "social_facebook_link",
        "label": "Facebook",
        "info": "https://www.facebook.com/stylehatch"
      },
      {
        "type": "text",
        "id": "social_instagram_link",
        "label": "Instagram",
        "info": "https://www.instagram.com/stylehatch"
      },
      {
        "type": "text",
        "id": "social_pinterest_link",
        "label": "Pinterest",
        "info": "https://www.pinterest.com/stylehatch"
      },
      {
        "type": "text",
        "id": "social_tumblr_link",
        "label": "Tumblr",
        "info": "http://stylehatch.tumblr.com"
      },
      {
        "type": "text",
        "id": "social_youtube_link",
        "label": "YouTube",
        "info": "https://www.youtube.com/stylehatch"
      },
      {
        "type": "text",
        "id": "social_snapchat_link",
        "label": "Snapchat",
        "info": "https://www.snapchat.com/add/stylehatch"
      },
      {
        "type": "text",
        "id": "social_vine_link",
        "label": "Vine",
        "info": "https://vine.com/stylehatch"
      },
      {
        "type": "text",
        "id": "social_spotify_link",
        "label": "Spotify",
        "info": "https://play.spotify.com/user/stylehatch"
      },
      {
        "type": "text",
        "id": "social_googleplus_link",
        "label": "Google Plus",
        "info": "https://plus.google.com/+stylehatch"
      },
      {
        "type": "text",
        "id": "social_medium_link",
        "label": "Medium",
        "info": "https://www.medium.com/@stylehatch"
      },
      {
        "type": "text",
        "id": "social_linkedin_link",
        "label": "LinkedIn",
        "info": "https://www.linkedin.com/company/stylehatch"
      },
      {
        "type": "header",
        "content": "Sharing"
      },
      {
        "type": "checkbox",
        "id": "social_share_facebook_enabled",
        "label": "Share on Facebook",
        "default": true
      },
      {
        "type": "checkbox",
        "id": "social_share_twitter_enabled",
        "label": "Tweet on Twitter",
        "default": true
      },
      {
        "type": "checkbox",
        "id": "social_share_pinterest_enabled",
        "label": "Pin on Pinterest",
        "default": true
      },
      {
        "type": "checkbox",
        "id": "social_share_googleplus_enabled",
        "label": "+1 on Google Plus",
        "default": true
      },
      {
        "type": "checkbox",
        "id": "social_share_fancy_enabled",
        "label": "Add to Fancy",
        "default": false
      }
    ]
  },
  {
    "name": "Currency",
    "settings": [
      {
        "type": "paragraph",
        "content": "To offer multiple currencies on your online store, you must first [edit your store's currency formatting](https://help.shopify.com/manual/using-themes/troubleshooting/help-script-find-money-formats)."
      },
      {
        "type": "checkbox",
        "id": "show_multiple_currencies",
        "label": "Enable currency conversion",
        "default": false,
        "info": "Even though prices are displayed in different currencies, orders will still be processed in your store's currency."
      },
      {
        "type": "select",
        "id": "currency_format",
        "label": "Format",
        "options": [
      {
        "value": "money_format",
        "label": "Without currency ($10.00)"
      },
      {
        "value": "money_with_currency_format",
        "label": "With currency ($10.00 CAD)"
      }
      ],
        "default": "money_with_currency_format"
      },
      {
        "type": "text",
        "id": "supported_currencies",
        "label": "Supported currencies",
        "default": "USD CAD GBP EUR JPY",
        "info": "Use the country's ISO [currency code](http://www.xe.com/iso4217.php). Separate your currency codes with a space."
      },
      {
        "type": "text",
        "id": "default_currency",
        "label": "Default currency",
        "default": "USD"
      }
    ]
  }
]
