[
  {
    "name": "theme_info",
    "theme_name": "FASHUN.CO",
    "theme_version": "1.0.0",
    "theme_author": "FASHUN Team",
    "theme_documentation_url": "https://fashun.co/theme-docs",
    "theme_support_url": "https://fashun.co/support"
  },
  {
    "name": "FASHUN Brand Settings",
    "settings": [
      {
        "type": "header",
        "content": "Brand Identity"
      },
      {
        "type": "image_picker",
        "id": "logo",
        "label": "Logo image"
      },
      {
        "type": "range",
        "id": "logo_width",
        "min": 50,
        "max": 300,
        "step": 10,
        "unit": "px",
        "label": "Logo width",
        "default": 150
      },
      {
        "type": "text",
        "id": "brand_tagline",
        "label": "Brand tagline",
        "default": "Express Yourself. Stay Fresh. Be Iconic."
      },
      {
        "type": "header",
        "content": "Brand Colors"
      },
      {
        "type": "color",
        "id": "primary_color",
        "label": "Primary color (FASHUN Gold)",
        "default": "#E4C590"
      },
      {
        "type": "color",
        "id": "secondary_color",
        "label": "Secondary color (Dark)",
        "default": "#0F0F10"
      },
      {
        "type": "color",
        "id": "accent_color",
        "label": "Accent color (Orange)",
        "default": "#FF6B35"
      },
      {
        "type": "color",
        "id": "success_color",
        "label": "Success color",
        "default": "#10B981"
      },
      {
        "type": "color",
        "id": "warning_color",
        "label": "Warning color",
        "default": "#F59E0B"
      },
      {
        "type": "color",
        "id": "error_color",
        "label": "Error color",
        "default": "#EF4444"
      }
    ]
  },
  {
    "name": "Typography",
    "settings": [
      {
        "type": "header",
        "content": "Font Settings"
      },
      {
        "type": "font_picker",
        "id": "type_header_font",
        "default": "assistant_n4",
        "label": "Heading font",
        "info": "Used for headings and titles"
      },
      {
        "type": "font_picker",
        "id": "type_body_font",
        "default": "assistant_n4",
        "label": "Body font",
        "info": "Used for body text and navigation"
      },
      {
        "type": "range",
        "id": "heading_scale",
        "min": 100,
        "max": 150,
        "step": 5,
        "unit": "%",
        "label": "Heading scale",
        "default": 120
      },
      {
        "type": "range",
        "id": "body_scale",
        "min": 90,
        "max": 120,
        "step": 5,
        "unit": "%",
        "label": "Body scale",
        "default": 100
      }
    ]
  },
  {
    "name": "Layout",
    "settings": [
      {
        "type": "header",
        "content": "Page Layout"
      },
      {
        "type": "range",
        "id": "page_width",
        "min": 1000,
        "max": 1600,
        "step": 100,
        "unit": "px",
        "label": "Page width",
        "default": 1200
      },
      {
        "type": "range",
        "id": "spacing_sections",
        "min": 0,
        "max": 100,
        "step": 4,
        "unit": "px",
        "label": "Vertical spacing between sections",
        "default": 56
      },
      {
        "type": "header",
        "content": "Grid Settings"
      },
      {
        "type": "range",
        "id": "spacing_grid_horizontal",
        "min": 4,
        "max": 40,
        "step": 4,
        "unit": "px",
        "label": "Horizontal spacing",
        "default": 28
      },
      {
        "type": "range",
        "id": "spacing_grid_vertical",
        "min": 4,
        "max": 40,
        "step": 4,
        "unit": "px",
        "label": "Vertical spacing",
        "default": 28
      }
    ]
  },
  {
    "name": "Product Cards",
    "settings": [
      {
        "type": "header",
        "content": "Product Card Design"
      },
      {
        "type": "select",
        "id": "card_style",
        "options": [
          {
            "value": "standard",
            "label": "Standard"
          },
          {
            "value": "minimal",
            "label": "Minimal"
          },
          {
            "value": "premium",
            "label": "Premium"
          }
        ],
        "default": "premium",
        "label": "Card style"
      },
      {
        "type": "checkbox",
        "id": "show_vendor",
        "default": false,
        "label": "Show vendor"
      },
      {
        "type": "checkbox",
        "id": "show_rating",
        "default": true,
        "label": "Show product rating"
      },
      {
        "type": "checkbox",
        "id": "show_quick_add",
        "default": true,
        "label": "Enable quick add to cart"
      },
      {
        "type": "checkbox",
        "id": "show_wishlist",
        "default": true,
        "label": "Enable wishlist functionality"
      },
      {
        "type": "header",
        "content": "Card Styling"
      },
      {
        "type": "range",
        "id": "card_corner_radius",
        "min": 0,
        "max": 40,
        "step": 4,
        "unit": "px",
        "label": "Corner radius",
        "default": 16
      },
      {
        "type": "range",
        "id": "card_image_padding",
        "min": 0,
        "max": 20,
        "step": 2,
        "unit": "px",
        "label": "Image padding",
        "default": 0
      },
      {
        "type": "select",
        "id": "card_text_alignment",
        "options": [
          {
            "value": "left",
            "label": "Left"
          },
          {
            "value": "center",
            "label": "Center"
          }
        ],
        "default": "left",
        "label": "Text alignment"
      }
    ]
  },
  {
    "name": "AI Features",
    "settings": [
      {
        "type": "header",
        "content": "AI-Powered Features"
      },
      {
        "type": "checkbox",
        "id": "enable_ai_recommendations",
        "default": true,
        "label": "Enable AI product recommendations"
      },
      {
        "type": "checkbox",
        "id": "enable_trending_products",
        "default": true,
        "label": "Enable AI trending products"
      },
      {
        "type": "checkbox",
        "id": "enable_smart_search",
        "default": true,
        "label": "Enable smart search suggestions"
      },
      {
        "type": "checkbox",
        "id": "enable_virtual_tryon",
        "default": true,
        "label": "Enable virtual try-on"
      },
      {
        "type": "header",
        "content": "Personalization"
      },
      {
        "type": "checkbox",
        "id": "enable_personalization",
        "default": true,
        "label": "Enable personalized experience"
      },
      {
        "type": "checkbox",
        "id": "track_user_behavior",
        "default": true,
        "label": "Track user behavior for recommendations"
      },
      {
        "type": "text",
        "id": "ai_api_endpoint",
        "label": "AI API endpoint",
        "info": "URL for your AI service"
      }
    ]
  },
  {
    "name": "Social Features",
    "settings": [
      {
        "type": "header",
        "content": "Social Proof"
      },
      {
        "type": "checkbox",
        "id": "enable_social_proof",
        "default": true,
        "label": "Enable social proof notifications"
      },
      {
        "type": "range",
        "id": "social_proof_frequency",
        "min": 5,
        "max": 60,
        "step": 5,
        "unit": "s",
        "label": "Notification frequency",
        "default": 15
      },
      {
        "type": "header",
        "content": "Instagram Integration"
      },
      {
        "type": "checkbox",
        "id": "enable_instagram_feed",
        "default": true,
        "label": "Show Instagram feed"
      },
      {
        "type": "text",
        "id": "instagram_handle",
        "label": "Instagram handle",
        "default": "@fashun.co.in"
      },
      {
        "type": "text",
        "id": "instagram_access_token",
        "label": "Instagram access token",
        "info": "Required for Instagram feed"
      },
      {
        "type": "header",
        "content": "Community Features"
      },
      {
        "type": "checkbox",
        "id": "enable_user_profiles",
        "default": true,
        "label": "Enable user profile pages"
      },
      {
        "type": "checkbox",
        "id": "enable_reviews",
        "default": true,
        "label": "Enable product reviews"
      }
    ]
  },
  {
    "name": "Customization Studio",
    "settings": [
      {
        "type": "header",
        "content": "Product Customization"
      },
      {
        "type": "checkbox",
        "id": "enable_customization",
        "default": true,
        "label": "Enable product customization"
      },
      {
        "type": "checkbox",
        "id": "enable_text_customization",
        "default": true,
        "label": "Allow custom text"
      },
      {
        "type": "checkbox",
        "id": "enable_image_upload",
        "default": true,
        "label": "Allow image uploads"
      },
      {
        "type": "range",
        "id": "max_custom_text_length",
        "min": 10,
        "max": 50,
        "step": 5,
        "unit": "chars",
        "label": "Maximum custom text length",
        "default": 20
      },
      {
        "type": "text",
        "id": "customization_fee",
        "label": "Customization fee",
        "default": "₹199",
        "info": "Additional fee for customization"
      }
    ]
  },
  {
    "name": "Performance",
    "settings": [
      {
        "type": "header",
        "content": "Performance Optimization"
      },
      {
        "type": "checkbox",
        "id": "enable_lazy_loading",
        "default": true,
        "label": "Enable lazy loading for images"
      },
      {
        "type": "checkbox",
        "id": "enable_preloading",
        "default": true,
        "label": "Enable critical resource preloading"
      },
      {
        "type": "checkbox",
        "id": "enable_animations",
        "default": true,
        "label": "Enable animations"
      },
      {
        "type": "select",
        "id": "animation_speed",
        "options": [
          {
            "value": "slow",
            "label": "Slow"
          },
          {
            "value": "normal",
            "label": "Normal"
          },
          {
            "value": "fast",
            "label": "Fast"
          }
        ],
        "default": "normal",
        "label": "Animation speed"
      }
    ]
  },
  {
    "name": "Cart & Checkout",
    "settings": [
      {
        "type": "header",
        "content": "Cart Settings"
      },
      {
        "type": "select",
        "id": "cart_type",
        "options": [
          {
            "value": "drawer",
            "label": "Drawer"
          },
          {
            "value": "page",
            "label": "Page"
          },
          {
            "value": "notification",
            "label": "Notification"
          }
        ],
        "default": "drawer",
        "label": "Cart type"
      },
      {
        "type": "checkbox",
        "id": "enable_cart_notes",
        "default": true,
        "label": "Enable cart notes"
      },
      {
        "type": "checkbox",
        "id": "enable_shipping_calculator",
        "default": true,
        "label": "Enable shipping calculator"
      },
      {
        "type": "header",
        "content": "Checkout Enhancement"
      },
      {
        "type": "checkbox",
        "id": "enable_express_checkout",
        "default": true,
        "label": "Enable express checkout buttons"
      },
      {
        "type": "text",
        "id": "free_shipping_threshold",
        "label": "Free shipping threshold",
        "default": "2999",
        "info": "Minimum order value for free shipping"
      }
    ]
  },
  {
    "name": "Marketing",
    "settings": [
      {
        "type": "header",
        "content": "Promotional Features"
      },
      {
        "type": "checkbox",
        "id": "enable_announcement_bar",
        "default": true,
        "label": "Enable announcement bar"
      },
      {
        "type": "text",
        "id": "announcement_text",
        "label": "Announcement text",
        "default": "Free Shipping on Orders Above ₹999 - Limited Time Offer!"
      },
      {
        "type": "url",
        "id": "announcement_link",
        "label": "Announcement link"
      },
      {
        "type": "header",
        "content": "Newsletter"
      },
      {
        "type": "checkbox",
        "id": "enable_newsletter_popup",
        "default": true,
        "label": "Enable newsletter popup"
      },
      {
        "type": "range",
        "id": "newsletter_popup_delay",
        "min": 0,
        "max": 30,
        "step": 5,
        "unit": "s",
        "label": "Popup delay",
        "default": 10
      },
      {
        "type": "text",
        "id": "newsletter_discount",
        "label": "Newsletter signup discount",
        "default": "10%",
        "info": "Discount offered for newsletter signup"
      }
    ]
  },
  {
    "name": "SEO & Analytics",
    "settings": [
      {
        "type": "header",
        "content": "SEO Settings"
      },
      {
        "type": "checkbox",
        "id": "enable_auto_seo",
        "default": true,
        "label": "Enable automatic SEO optimization"
      },
      {
        "type": "textarea",
        "id": "meta_description",
        "label": "Default meta description",
        "default": "FASHUN.CO - India's hottest streetwear brand. Premium quality t-shirts, hoodies, and accessories. Express yourself with our trendy designs."
      },
      {
        "type": "image_picker",
        "id": "social_image",
        "label": "Default social sharing image"
      },
      {
        "type": "header",
        "content": "Analytics"
      },
      {
        "type": "text",
        "id": "google_analytics_id",
        "label": "Google Analytics ID"
      },
      {
        "type": "text",
        "id": "facebook_pixel_id",
        "label": "Facebook Pixel ID"
      },
      {
        "type": "text",
        "id": "google_tag_manager_id",
        "label": "Google Tag Manager ID"
      }
    ]
  },
  {
    "name": "Advanced",
    "settings": [
      {
        "type": "header",
        "content": "Custom Code"
      },
      {
        "type": "html",
        "id": "custom_css",
        "label": "Custom CSS",
        "info": "Add custom CSS styles"
      },
      {
        "type": "html",
        "id": "custom_js",
        "label": "Custom JavaScript",
        "info": "Add custom JavaScript code"
      },
      {
        "type": "html",
        "id": "head_code",
        "label": "Code to add to <head>",
        "info": "Add code before closing </head> tag"
      },
      {
        "type": "html",
        "id": "body_code",
        "label": "Code to add before </body>",
        "info": "Add code before closing </body> tag"
      },
      {
        "type": "header",
        "content": "Developer Settings"
      },
      {
        "type": "checkbox",
        "id": "enable_debug_mode",
        "default": false,
        "label": "Enable debug mode"
      },
      {
        "type": "checkbox",
        "id": "enable_console_logs",
        "default": false,
        "label": "Enable console logging"
      }
    ]
  }
]