{"presets":{"New York":{"thumbnail_position":"right-thumbnails","nav_dropdown_font_size":"14","nav_dropdown_font_style":"uppercase","nav_dropdown_weight":"normal","use_logo":false,"logo_width":"360","logo_alignment":"center","main_linklist":"main-menu","menu_alignment":"center","nav_border":"double","nav_separator":"solid","header_social_icons":false,"featured_content_page":"","link_color":"#DD4B39","link_hover_color":"#404040","btn_color":"#DD4B39","quick_shop_button_hover_color":"#DD4B39","btn_hover_color":"#be4333","secondary_btn_color":"#f2f2f2","sale_color":"#222222","new_banner_color":"#222222","was_price_color":"#888888","border_color":"#d3d3d3","table_styles_enabled":true,"shop_bg_color":"#ffffff","modal_background_color":"#ffffff","use_custom_bg_image":false,"custom_bg_image_select":"custom_bg.png","repeat_bg":"repeat","bg_fixed":false,"bg_stretched":false,"top_bar_bg_color":"#222222","use_custom_top_bar_image":false,"custom_top_bar_image_select":"custom_top_bar.png","newsletter_popup_color":"#404040","use_newsletter_bg_image":false,"newsletter_bg_stretched":false,"footer_link_color":"#ffffff","footer_link_color_hover":"#707070","social_icons_color":"#ffffff","social_icons_color_hover":"#707070","footer_button":"#dd4b39","footer_button_hover":"#be4333","footer_border_color":"#222222","footer_color":"#222222","use_custom_footer_image":false,"custom_footer_image_select":"custom_footer.png","logo_typeface_method":"google_webfonts","logo_font":"Google_Open+Sans+Condensed","logo_websafe_font":"Futura, 'Century Gothic', AppleGothic, sans-serif","logo_weight":"normal","logo_font_style":"uppercase","logo_font_size":"42","logo_color":"#404040","headline_typeface_method":"google_webfonts","headline_font":"Google_Open+Sans+Condensed","headline_websafe_font":"Futura, 'Century Gothic', AppleGothic, sans-serif","headline_weight":"normal","headline_font_style":"uppercase","headline_font_size":"34","headline_color":"#404040","headline_footer_text_color":"#ffffff","headline_letter_spacing":"0","nav_typeface_method":"google_webfonts","nav_font":"Google_PT+Sans+Narrow","nav_websafe_font":"Futura, 'Century Gothic', AppleGothic, sans-serif","nav_weight":"normal","nav_font_style":"uppercase","nav_font_size":"16","nav_color":"#777777","nav_color_active":"#404040","nav_color_hover":"#DD4B39","nav_letter_spacing":"1","top_bar_typeface_method":"websafe","top_bar_google_webfont_font":"Merriweather","top_bar_font":"Futura, 'Century Gothic', AppleGothic, sans-serif","top_bar_weight":"normal","top_bar_font_style":"uppercase","top_bar_font_size":"11","top_bar_color":"#b6b6b6","top_bar_color_hover":"#ffffff","top_bar_letter_spacing":"1","regular_typeface_method":"google_webfonts","regular_font":"Google_Merriweather","regular_websafe_font":"Futura, 'Century Gothic', AppleGothic, sans-serif","regular_weight":"normal","regular_font_style":"none","regular_font_size":"14","regular_color":"#404040","footer_font_size":"13","footer_text_color":"#888888","search_box_top_bar":true,"search_option":"products","display_text_shadow":true,"fix_top_bar":true,"top_bar_linklist":"","slideshow_enabled":true,"slideshow_animation":"fade","slideshow_stretch":true,"slideshow_width_narrow":false,"slideshow_speed":"6","slideshow_headline_size":"42","slideshow_headline_weight":"normal","slideshow_subtitle_typeface_method":"google_webfonts","slideshow_subtitle_font":"Google_Merriweather","slideshow_subtitle_websafe_font":"'HelveticaNeue-Light', 'Helvetica Neue Light', 'Helvetica Neue', Helvetica, Arial, sans-serif","slideshow_subtitle_weight":"normal","slideshow_subtitle_font_style":"none","slideshow_subtitle_font_text":"normal","slideshow_subtitle_size":"22","video_embed":"","video_width":"set","video_width_px":"","video_position":"1","slideshow_1_enabled":true,"image_1_alt_text":"The Responsive Shopify Theme","image_1_headline":"The Responsive Shopify Theme","image_1_subtitle":"","image_1_text_color":"#ffffff","image_1_text_align":"center","image_1_button_text":"","image_1_link":"","slideshow_2_enabled":true,"image_2_text_color":"#ffffff","image_2_text_align":"center","image_2_button_text":"","image_2_link":"","slideshow_3_enabled":false,"image_3_alt_text":"","image_3_headline":"","image_3_subtitle":"","image_3_text_color":"#ffffff","image_3_text_align":"center","image_3_button_text":"","image_3_link":"","slideshow_4_enabled":false,"image_4_alt_text":"","image_4_headline":"","image_4_subtitle":"","image_4_text_color":"#ffffff","image_4_text_align":"center","image_4_button_text":"","image_4_link":"","slideshow_5_enabled":false,"image_5_alt_text":"","image_5_headline":"","image_5_subtitle":"","image_5_text_color":"#ffffff","image_5_text_align":"center","image_5_button_text":"","image_5_link":"","slideshow_6_enabled":false,"image_6_alt_text":"","image_6_headline":"","image_6_subtitle":"","image_6_text_color":"#ffffff","image_6_text_align":"center","image_6_button_text":"","image_6_link":"","banner_1_enabled":false,"banner_1_text_color":"#ffffff","banner_1_text_align":"center","banner_2_enabled":false,"banner_2_text_color":"#ffffff","banner_2_text_align":"center","banner_3_enabled":false,"banner_3_text_color":"#ffffff","banner_3_text_align":"center","homepage":"","homepage2":"","homepage3":"","homepage4":"","frontpage_collections_per_row":"3","frontpage_collections_title":true,"collection_title":true,"frontpage_collection":"","frontpage_products_per_row":"4","frontpage_display_description":true,"frontpage_product_stagger":false,"blog_widget_select":"","home_page_articles":"3","twitter_widget":false,"twitter_username":"","tweet_count":"4","instagram_widget":false,"instagram_title":"Instagram","instagram_username":"","instagram_count":"6","product_breadcrumb":true,"display_tags":true,"display_type":true,"display_vendor":true,"display_collections":false,"display_sku":false,"display_social_buttons":true,"display_product_quantity":false,"display_inventory_left":false,"notify_me_form":false,"display_related_products":true,"product_thumbs":true,"product_images_position":"left","product_slideshow_animation":"fade","product_description_position":"top","free_price_text":"Free","products_per_row":"3","mobile_products_per_row":"2","pagination_limit":"48","align_height":false,"collection_height":"200","collection_price_position":"right","collection_breadcrumb":true,"collection_tags":true,"collection_sort":true,"collection_secondary_image":false,"display_vendor_collection":false,"sale_banner_enabled":true,"collection_swatches":false,"quick_shop_enabled":true,"quick_shop_full_description":false,"description_words":"15","collection_sidebar":false,"collection_sidebar_linklist":"","collection_sidebar_linklist2":"","filter_by_category":false,"filter_by_tag":false,"collection_sidebar_products":false,"collection_sidebar_vendors":false,"collection_sidebar_page":"","cart_action":"ajax","tax_included":false,"display_special_instructions":false,"display_tos_checkbox":false,"show_shipping_calculator":false,"shipping_calculator_default_country":"United States","display_social_buttons_blog":true,"blog_tags":true,"blog_content_page":"","disqus_enabled":false,"disqus_shortname":"","newsletter_enabled":true,"newsletter_system":"shopify","mailchimp_link":"","footer_linklist_2":"footer","footer_linklist_1":"main-menu","copyright_text":"","display_designed_by":true,"enable_social_links":true,"twitter_link":"","facebook_link":"","google_link":"","youtube_link":"","vimeo_link":"","pinterest_link":"","tumblr_link":"","instagram_link":"","linkedin_link":"","flickr_link":"","email_link":"","use_paypal":false,"use_bitcoin":false,"use_visa":false,"use_visaelectron":false,"use_mastercard":false,"use_amex":false,"use_cirrus":false,"use_delta":false,"use_discover":false,"use_western_union":false,"show_multiple_currencies":false,"currency_format":"money_format","default_currency":"USD","newsletter_popup":false,"newsletter_popup_form":true,"newsletter_popup_page":"","newsletter_popup_seconds":"2","newsletter_popup_days":"30","newsletter_popup_max_width":"600","checkout_use_header_image":false,"checkout_banner_background_color":"#222222","checkout_logo":"","checkout_headline":"","checkout_accent_color":"#DD4B39","checkout_button_color":"#222222","checkout_call_to_action_color":"#DD4B39","shop_use_content_bg_color":"1","shop_content_bg_color":"#bb3131","blog_widget":true,"checkout_background_color":"#ffffff","checkout_background_image":false,"checkout_text_color":"#404040","checkout_headline_color":"#404040","collection_top_sidebar_page":"","newsletter_success_text":"Thank you for joining our mailing list!","newsletter_description":"Subscribe to our newsletter and always be the first to hear about what is happening.","display_borders":true,"header_share_button":false,"product_zoom_enabled":false,"product_thumbnails_position":"side","shipping_calculator_heading":"Shipping rates calculator","shipping_calculator_submit_button_label":"Calculate shipping rates","shipping_calculator_submit_button_label_disabled":"Calculating...","quick_shop_text":"Quick Shop","sections":{"slideshow":{"type":"slideshow","blocks":{"slideshow-0":{"type":"image","settings":{"image":"","title":"The Responsive Shopify Theme","text_position":"center","text_align":"center","button_label":"","link":""}},"slideshow-1":{"type":"image","settings":{"image":"","title":"","text_position":"center","text_align":"left","button_label":"","link":""}}},"block_order":["slideshow-0","slideshow-1"],"settings":{"slideshow_animation":"fade","slideshow_speed":6,"image_stretch":true}},"1478221000214":{"type":"featured-promotions","blocks":{"1478221000214-0":{"type":"image","settings":{"image":"","link":"","title":"","text":""}},"1478221000214-1":{"type":"image","settings":{"image":"","link":"","title":"","text":""}},"1478221000214-2":{"type":"image","settings":{"image":"","link":"","title":"","text":""}}},"block_order":["1478221000214-0","1478221000214-1","1478221000214-2"],"settings":{"featured_promos_per_row":3,"featured_promos_grid":"standard"}},"1478221580356":{"type":"featured-products","blocks":{"1480990789094":{"type":"product","settings":{"featured_product":""}}},"block_order":["1480990789094"],"settings":{"title":"Featured products","frontpage_display_description":true,"frontpage_product_stagger":true}},"1478221782982":{"type":"featured-blog","settings":{"title":"Blog posts","blog_widget_select":"","home_page_articles":3}},"header":{"type":"header","settings":{"logo":"","logo_width":360,"logo_alignment":"center","main_linklist":"main-menu","menu_alignment":"center","nav_border":"double","nav_separator":"solid","announcement_message":"","announcement_link":"","announcement_color":"#444","search_box_top_bar":true,"fix_top_bar":true,"top_bar_linklist":"","phone_number":""}},"footer":{"type":"footer","settings":{"footer_linklist_2":"footer","footer_linklist_1":"","footer_alignment":"center","copyright_text":"","footer_newsletter":true,"display_designed_by":true,"display_payment_methods":true}},"1480990720351":{"type":"collection-list","blocks":{"1480990720351-0":{"type":"collection","settings":{"feature_collection":"","image":""}},"1480990720351-1":{"type":"collection","settings":{"feature_collection":"","image":""}}},"block_order":["1480990720351-0","1480990720351-1"],"settings":{"title":"Collection list","frontpage_collections_per_row":2,"frontpage_collections_title":true,"collection_count":true}},"1480990808036":{"type":"featured-collection","settings":{"title":"Featured collection","frontpage_collection":"","frontpage_products_per_row":3,"frontpage_products_limit":12}},"1480990842836":{"type":"featured-text","settings":{"image":"","title":"Talk about your brand","content":"<p>Use this text to share information about your brand with your customers. Describe a product, share announcements, or welcome customers to your store.<\/p>","text_size":"featured_text","text_alignment":"center","button_label":"","button_link":""}},"1480990865017":{"type":"image-with-text-overlay-section","settings":{"image_stretch":true,"title":"Your Headline","text_position":"center","text_align":"center","button_label":"","link":""}}},"content_for_index":["slideshow","1480990842836","1478221000214","1480990720351","1480990808036","1480990865017","1478221580356","1478221782982"]},"San Francisco":{"thumbnail_position":"right-thumbnails","search_box_top_bar":true,"search_option":"products","display_text_shadow":false,"fix_top_bar":true,"top_bar_linklist":"","use_logo":false,"logo_width":"275","logo_alignment":"left","main_linklist":"main-menu","menu_alignment":"left","nav_border":"solid","nav_separator":"none","header_social_icons":true,"featured_content_page":"","link_color":"#006480","link_hover_color":"#000000","btn_color":"#006480","quick_shop_button_color":"#4f413f","quick_shop_button_hover_color":"#332b2a","quick_shop_text_color":"#ffffff","btn_hover_color":"#01485c","sale_color":"#eb174f","new_banner_color":"#eb174f","was_price_color":"#eb174f","border_color":"#847363","table_styles_enabled":true,"shop_bg_color":"#f1ede5","use_custom_bg_image":false,"repeat_bg":"repeat","bg_fixed":false,"bg_stretched":false,"top_bar_bg_color":"#4f413f","use_custom_top_bar_image":false,"modal_background_color":"#f1ede5","dropdown_background_color":"#f1ede5","dropdown_transparency":false,"footer_link_color":"#ffffff","footer_link_color_hover":"#eb174f","social_icons_color":"#ffffff","social_icons_color_hover":"#f1ede5","footer_button":"#eb174f","footer_button_hover":"#d11a4a","footer_border_color":"#f1ede5","footer_color":"#3e3837","use_custom_footer_image":false,"logo_typeface_method":"google_webfonts","logo_font":"Google_Kreon","logo_websafe_font":"Futura, 'Century Gothic', AppleGothic, sans-serif","logo_weight":"normal","logo_font_style":"uppercase","logo_font_size":"42","logo_color":"#614d4b","headline_typeface_method":"google_webfonts","headline_font":"Google_Kreon","headline_websafe_font":"Futura, 'Century Gothic', AppleGothic, sans-serif","headline_weight":"normal","headline_font_style":"uppercase","headline_alignment":"center","headline_font_size":"34","headline_color":"#614d4b","headline_footer_text_color":"#ffffff","headline_letter_spacing":"0","nav_typeface_method":"google_webfonts","nav_font":"Google_Kreon","nav_websafe_font":"Futura, 'Century Gothic', AppleGothic, sans-serif","nav_weight":"normal","nav_dropdown_weight":"normal","nav_font_style":"none","nav_dropdown_font_style":"none","nav_font_size":"17","nav_dropdown_font_size":"15","nav_color":"#614d4b","nav_color_active":"#006480","nav_color_hover":"#006480","nav_letter_spacing":"1","top_bar_typeface_method":"google_webfonts","top_bar_font":"Google_Lato","top_bar_websafe_font":"Futura, 'Century Gothic', AppleGothic, sans-serif","top_bar_weight":"bold","top_bar_font_style":"uppercase","top_bar_font_size":"12","top_bar_color":"#ffffff","top_bar_color_hover":"#eb174f","top_bar_letter_spacing":"1","regular_typeface_method":"google_webfonts","regular_font":"Google_Lato","regular_websafe_font":"Futura, 'Century Gothic', AppleGothic, sans-serif","regular_weight":"normal","regular_font_style":"none","regular_font_size":"16","regular_color":"#614d4b","footer_font_size":"15","footer_text_color":"#ffffff","slideshow_enabled":true,"slideshow_animation":"fade","slideshow_stretch":true,"slideshow_width_narrow":false,"slideshow_speed":"6","slideshow_headline_size":"42","slideshow_headline_weight":"normal","slideshow_subtitle_typeface_method":"google_webfonts","slideshow_subtitle_font":"Google_Kreon","slideshow_subtitle_websafe_font":"'HelveticaNeue-Light', 'Helvetica Neue Light', 'Helvetica Neue', Helvetica, Arial, sans-serif","slideshow_subtitle_weight":"normal","slideshow_subtitle_font_style":"none","slideshow_subtitle_font_text":"normal","slideshow_subtitle_size":"20","video_embed":"","video_width":"set","video_width_px":"","video_position":"1","slideshow_1_enabled":true,"image_1_alt_text":"The Responsive Shopify Theme","image_1_headline":"The Responsive Shopify Theme","image_1_subtitle":"","image_1_text_color":"#ffffff","image_1_text_align":"center","image_1_button_text":"","image_1_link":"","slideshow_2_enabled":true,"image_2_alt_text":"","image_2_headline":"","image_2_subtitle":"","image_2_text_color":"#ffffff","image_2_text_align":"center","image_2_button_text":"","image_2_link":"","slideshow_3_enabled":false,"image_3_alt_text":"","image_3_headline":"","image_3_subtitle":"","image_3_text_color":"#ffffff","image_3_text_align":"center","image_3_button_text":"","image_3_link":"","slideshow_4_enabled":false,"image_4_alt_text":"","image_4_headline":"","image_4_subtitle":"","image_4_text_color":"#ffffff","image_4_text_align":"center","image_4_button_text":"","image_4_link":"","slideshow_5_enabled":false,"image_5_alt_text":"","image_5_headline":"","image_5_subtitle":"","image_5_text_color":"#ffffff","image_5_text_align":"center","image_5_button_text":"","image_5_link":"","slideshow_6_enabled":false,"image_6_alt_text":"","image_6_headline":"","image_6_subtitle":"","image_6_text_color":"#ffffff","image_6_text_align":"center","image_6_button_text":"","image_6_link":"","banner_1_enabled":false,"banner_1_alt_text":"","banner_1_headline":"","banner_1_subtitle":"","banner_1_text_color":"#ffffff","banner_1_text_align":"center","banner_1_button_text":"","banner_1_link":"","banner_2_enabled":false,"banner_2_alt_text":"","banner_2_headline":"","banner_2_subtitle":"","banner_2_text_color":"#ffffff","banner_2_text_align":"center","banner_2_button_text":"","banner_2_link":"","banner_3_enabled":false,"banner_3_alt_text":"","banner_3_headline":"","banner_3_subtitle":"","banner_3_text_color":"#ffffff","banner_3_text_align":"center","banner_3_button_text":"","banner_3_link":"","homepage":"","homepage2":"","homepage3":"","homepage4":"","frontpage_linklist":"","frontpage_collections_per_row":"3","frontpage_collections_title":true,"collection_title":false,"frontpage_collection":"","frontpage_collection2":"","frontpage_products_per_row":"4","frontpage_collection_full":"","frontpage_display_description":true,"frontpage_product_stagger":false,"blog_widget_select":"","home_page_articles":"2","twitter_widget":false,"twitter_username":"","twitter_theme":"light","tweet_count":"4","instagram_widget":false,"instagram_client_id":"","instagram_title":"Instagram","instagram_username":"","instagram_count":"6","product_breadcrumb":true,"display_tags":true,"display_type":true,"display_vendor":false,"display_collections":false,"display_sku":false,"display_social_buttons":true,"display_product_quantity":true,"display_inventory_left":false,"notify_me_form":true,"display_related_products":true,"product_thumbs":true,"product_images_position":"left","product_slideshow_animation":"fade","product_form_style":"dropdown","product_description_position":"top","free_price_text":"Free","products_per_row":"2","mobile_products_per_row":"2","pagination_limit":"48","align_height":false,"collection_height":"200","collection_price_position":"center","collection_breadcrumb":true,"collection_border":false,"collection_tags":false,"collection_sort":true,"collection_secondary_image":false,"display_vendor_collection":false,"sale_banner_enabled":true,"collection_swatches":false,"quick_shop_enabled":true,"quick_shop_full_description":false,"description_words":"15","collection_sidebar":false,"collection_sidebar_page":"","collection_sidebar_linklist":"","collection_sidebar_linklist2":"","filter_by_category":false,"filter_by_tag":true,"collection_sidebar_products":false,"collection_sidebar_vendors":false,"cart_action":"ajax","tax_included":false,"display_special_instructions":false,"display_tos_checkbox":false,"show_shipping_calculator":false,"shipping_calculator_default_country":"United States","contact_address":"2937 24th St, San Francisco, CA 94110, United States","zoom_level":"10","display_social_buttons_blog":true,"blog_tags":true,"blog_content_page":"","disqus_enabled":false,"disqus_shortname":"","newsletter_enabled":true,"newsletter_system":"shopify","mailchimp_link":"","footer_linklist_2":"","footer_linklist_1":"main-menu","footer_alignment":"center","copyright_text":"","display_designed_by":true,"enable_social_links":true,"twitter_link":"","facebook_link":"","google_link":"","youtube_link":"","vimeo_link":"","pinterest_link":"","tumblr_link":"","instagram_link":"","linkedin_link":"","flickr_link":"","email_link":"","use_paypal":false,"use_bitcoin":false,"use_amazon":false,"use_visa":false,"use_visaelectron":false,"use_mastercard":false,"use_amex":false,"use_cirrus":false,"use_discover":false,"use_western_union":false,"show_multiple_currencies":false,"currency_format":"money_with_currency_format","default_currency":"USD","newsletter_popup":false,"newsletter_popup_form":true,"newsletter_popup_page":"","newsletter_popup_seconds":"2","newsletter_popup_days":"30","newsletter_popup_max_width":"600","newsletter_popup_color":"#ffffff","newsletter_popup_background_color":"#4f413f","use_newsletter_bg_image":false,"newsletter_bg_stretched":false,"use_password_bg_image":true,"pagework_page_bg_stretched":true,"password_page_background_color":"#000000","password_page_text_color":"#ffffff","password_page_footer_text_color":"#666666","password_page_footer_link_color":"#9c9c9c","checkout_use_header_image":false,"checkout_logo":"","checkout_logo_position":"left","checkout_logo_size":"large","checkout_use_body_background_image":false,"checkout_body_background_color":"#fffcf6","checkout_input_background_color_mode":"white","checkout_use_sidebar_background_image":false,"checkout_sidebar_background_color":"#eee9e0","checkout_heading_font":"Helvetica Neue","checkout_body_font":"Helvetica Neue","checkout_accent_color":"#eb174f","checkout_button_color":"#006480","checkout_error_color":"#ff6d6d","secondary_btn_color":"#f2f2f2","custom_bg_image_select":"custom_bg.png","custom_top_bar_image_select":"custom_top_bar.png","custom_footer_image_select":"custom_footer.png","checkout_banner_background_color":"#222222","checkout_headline":"","checkout_call_to_action_color":"#DD4B39","shop_use_content_bg_color":"1","shop_content_bg_color":"#bb3131","blog_widget":true,"checkout_background_color":"#ffffff","checkout_background_image":false,"checkout_text_color":"#404040","checkout_headline_color":"#404040","collection_top_sidebar_page":"","newsletter_success_text":"Thank you for joining our mailing list!","newsletter_description":"Subscribe to our newsletter and always be the first to hear about what is happening.","display_borders":true,"header_share_button":false,"product_zoom_enabled":false,"product_thumbnails_position":"side","shipping_calculator_heading":"Shipping rates calculator","shipping_calculator_submit_button_label":"Calculate shipping rates","shipping_calculator_submit_button_label_disabled":"Calculating...","quick_shop_text":"Quick Shop","sections":{"slideshow":{"type":"slideshow","blocks":{"slideshow-0":{"type":"image","settings":{"image":"","title":"The Responsive Shopify Theme","text_position":"center","text_align":"center","button_label":"","link":""}},"slideshow-1":{"type":"image","settings":{"image":"","title":"","text_position":"center","text_align":"left","button_label":"","link":""}}},"block_order":["slideshow-0","slideshow-1"],"settings":{"slideshow_animation":"fade","slideshow_speed":6,"image_stretch":true}},"1478221000214":{"type":"featured-promotions","blocks":{"1478221000214-0":{"type":"image","settings":{"image":"","link":"","title":"","text":""}},"1478221000214-1":{"type":"image","settings":{"image":"","link":"","title":"","text":""}},"1478221000214-2":{"type":"image","settings":{"image":"","link":"","title":"","text":""}}},"block_order":["1478221000214-0","1478221000214-1","1478221000214-2"],"settings":{"featured_promos_per_row":3,"featured_promos_grid":"standard"}},"1478221580356":{"type":"featured-products","blocks":{"1480990789094":{"type":"product","settings":{"featured_product":""}}},"block_order":["1480990789094"],"settings":{"title":"Featured products","frontpage_display_description":true,"frontpage_product_stagger":true}},"1478221782982":{"type":"featured-blog","settings":{"title":"Blog posts","blog_widget_select":"","home_page_articles":3}},"header":{"type":"header","settings":{"logo":"","logo_width":360,"logo_alignment":"center","main_linklist":"main-menu","menu_alignment":"center","nav_border":"double","nav_separator":"solid","announcement_message":"","announcement_link":"","announcement_color":"#444","search_box_top_bar":true,"fix_top_bar":true,"top_bar_linklist":"","phone_number":""}},"footer":{"type":"footer","settings":{"footer_linklist_2":"footer","footer_linklist_1":"","footer_alignment":"center","copyright_text":"","footer_newsletter":true,"display_designed_by":true,"display_payment_methods":true}},"1480990720351":{"type":"collection-list","blocks":{"1480990720351-0":{"type":"collection","settings":{"feature_collection":"","image":""}},"1480990720351-1":{"type":"collection","settings":{"feature_collection":"","image":""}}},"block_order":["1480990720351-0","1480990720351-1"],"settings":{"title":"Collection list","frontpage_collections_per_row":2,"frontpage_collections_title":true,"collection_count":true}},"1480990808036":{"type":"featured-collection","settings":{"title":"Featured collection","frontpage_collection":"","frontpage_products_per_row":3,"frontpage_products_limit":12}},"1480990842836":{"type":"featured-text","settings":{"image":"","title":"Talk about your brand","content":"<p>Use this text to share information about your brand with your customers. Describe a product, share announcements, or welcome customers to your store.<\/p>","text_size":"featured_text","text_alignment":"center","button_label":"","button_link":""}},"1480990865017":{"type":"image-with-text-overlay-section","settings":{"image_stretch":true,"title":"Your Headline","text_position":"center","text_align":"center","button_label":"","link":""}}},"content_for_index":["slideshow","1480990842836","1478221000214","1480990720351","1480990808036","1480990865017","1478221580356","1478221782982"]},"London":{"thumbnail_position":"right-thumbnails","search_box_top_bar":true,"search_option":"products","display_text_shadow":false,"fix_top_bar":true,"top_bar_linklist":"","use_logo":false,"logo_width":"230","logo_alignment":"center","main_linklist":"main-menu","menu_alignment":"center","nav_border":"double","nav_separator":"solid","header_social_icons":true,"featured_content_page":"","link_color":"#61245f","link_hover_color":"#d4ac44","btn_color":"#472a49","quick_shop_button_hover_color":"#472a49","btn_hover_color":"#602b64","sale_color":"#d4ac44","new_banner_color":"#450954","was_price_color":"#450954","border_color":"#dddddd","table_styles_enabled":true,"shop_bg_color":"#fafafa","use_custom_bg_image":false,"repeat_bg":"repeat","bg_fixed":false,"bg_stretched":false,"top_bar_bg_color":"#ffffff","use_custom_top_bar_image":false,"modal_background_color":"#ffffff","dropdown_background_color":"#ffffff","dropdown_transparency":false,"footer_link_color":"#4b4f54","footer_link_color_hover":"#7d337a","social_icons_color":"#472a49","social_icons_color_hover":"#602b64","footer_button":"#472a49","footer_button_hover":"#602b64","footer_border_color":"#dddddd","footer_color":"#fafafa","use_custom_footer_image":false,"logo_typeface_method":"google_webfonts","logo_font":"Google_Montserrat","logo_websafe_font":"Futura, 'Century Gothic', AppleGothic, sans-serif","logo_weight":"normal","logo_font_style":"uppercase","logo_font_size":"34","logo_color":"#4b4f54","headline_typeface_method":"google_webfonts","headline_font":"Google_Old+Standard+TT","headline_websafe_font":"'Lucida Grande', 'Lucida Sans Unicode', 'Lucida Sans', Lucida, Helvetica, Arial, sans-serif","headline_weight":"normal","headline_font_style":"none","headline_alignment":"center","headline_font_size":"28","headline_color":"#1f2022","headline_footer_text_color":"#4b4f54","headline_letter_spacing":"0","nav_typeface_method":"google_webfonts","nav_font":"Google_Droid+Serif","nav_websafe_font":"Futura, 'Century Gothic', AppleGothic, sans-serif","nav_weight":"normal","nav_dropdown_weight":"normal","nav_font_style":"none","nav_dropdown_font_style":"none","nav_font_size":"15","nav_dropdown_font_size":"14","nav_color":"#4b4f54","nav_color_active":"#1f2022","nav_color_hover":"#61245f","nav_letter_spacing":"0","top_bar_typeface_method":"google_webfonts","top_bar_font":"Google_Montserrat","top_bar_websafe_font":"Futura, 'Century Gothic', AppleGothic, sans-serif","top_bar_weight":"normal","top_bar_font_style":"uppercase","top_bar_font_size":"13","top_bar_color":"#4b4f54","top_bar_color_hover":"#7b1295","top_bar_letter_spacing":"0.5","regular_typeface_method":"google_webfonts","regular_font":"Google_Droid+Serif","regular_websafe_font":"Futura, 'Century Gothic', AppleGothic, sans-serif","regular_weight":"normal","regular_font_style":"none","regular_font_size":"15","regular_color":"#4b4f54","footer_font_size":"13","footer_text_color":"#4b4f54","slideshow_enabled":true,"slideshow_animation":"fade","slideshow_stretch":true,"slideshow_width_narrow":false,"slideshow_speed":"6","slideshow_headline_size":"42","slideshow_headline_weight":"normal","slideshow_subtitle_typeface_method":"google_webfonts","slideshow_subtitle_font":"Google_Droid+Serif","slideshow_subtitle_websafe_font":"'HelveticaNeue-Light', 'Helvetica Neue Light', 'Helvetica Neue', Helvetica, Arial, sans-serif","slideshow_subtitle_weight":"normal","slideshow_subtitle_font_style":"none","slideshow_subtitle_font_text":"normal","slideshow_subtitle_size":"18","video_embed":"","video_width":"set","video_width_px":"","video_position":"1","slideshow_1_enabled":true,"image_1_alt_text":"The Responsive Shopify Theme","image_1_headline":"The Responsive Shopify Theme","image_1_subtitle":"","image_1_text_color":"#ffffff","image_1_text_align":"center","image_1_button_text":"","image_1_link":"","slideshow_2_enabled":true,"image_2_alt_text":"","image_2_headline":"","image_2_subtitle":"","image_2_text_color":"#ffffff","image_2_text_align":"center","image_2_button_text":"","image_2_link":"","slideshow_3_enabled":false,"image_3_alt_text":"","image_3_headline":"","image_3_subtitle":"","image_3_text_color":"#ffffff","image_3_text_align":"center","image_3_button_text":"","image_3_link":"","slideshow_4_enabled":false,"image_4_alt_text":"","image_4_headline":"","image_4_subtitle":"","image_4_text_color":"#ffffff","image_4_text_align":"center","image_4_button_text":"","image_4_link":"","slideshow_5_enabled":false,"image_5_alt_text":"","image_5_headline":"","image_5_subtitle":"","image_5_text_color":"#ffffff","image_5_text_align":"center","image_5_button_text":"","image_5_link":"","slideshow_6_enabled":false,"image_6_alt_text":"","image_6_headline":"","image_6_subtitle":"","image_6_text_color":"#ffffff","image_6_text_align":"center","image_6_button_text":"","image_6_link":"","banner_1_enabled":false,"banner_1_alt_text":"","banner_1_headline":"","banner_1_subtitle":"","banner_1_text_color":"#ffffff","banner_1_text_align":"center","banner_1_button_text":"","banner_1_link":"","banner_2_enabled":false,"banner_2_alt_text":"","banner_2_headline":"","banner_2_subtitle":"","banner_2_text_color":"#ffffff","banner_2_text_align":"center","banner_2_button_text":"","banner_2_link":"","banner_3_enabled":false,"banner_3_alt_text":"","banner_3_headline":"","banner_3_subtitle":"","banner_3_text_color":"#ffffff","banner_3_text_align":"center","banner_3_button_text":"","banner_3_link":"","homepage":"","homepage2":"","homepage3":"","homepage4":"","frontpage_linklist":"","frontpage_collections_per_row":"3","frontpage_collections_title":true,"collection_title":true,"frontpage_collection":"","frontpage_collection2":"","frontpage_products_per_row":"3","frontpage_collection_full":"","frontpage_display_description":true,"frontpage_product_stagger":false,"blog_widget_select":"","home_page_articles":"2","twitter_widget":false,"twitter_username":"","twitter_theme":"light","tweet_count":"4","instagram_widget":false,"instagram_client_id":"","instagram_title":"Instagram","instagram_username":"","instagram_count":"6","product_breadcrumb":true,"display_tags":true,"display_type":true,"display_vendor":true,"display_collections":false,"display_sku":false,"display_social_buttons":true,"display_product_quantity":false,"display_inventory_left":false,"notify_me_form":true,"display_related_products":true,"product_thumbs":true,"product_images_position":"left","product_slideshow_animation":"fade","product_form_style":"dropdown","product_description_position":"bottom","free_price_text":"Free","products_per_row":"3","mobile_products_per_row":"2","pagination_limit":"48","align_height":false,"collection_height":"200","collection_price_position":"right","collection_breadcrumb":true,"collection_border":true,"collection_tags":true,"collection_sort":true,"collection_secondary_image":false,"display_vendor_collection":false,"sale_banner_enabled":true,"collection_swatches":false,"quick_shop_enabled":true,"quick_shop_full_description":false,"description_words":"15","collection_sidebar":false,"collection_sidebar_page":"","collection_sidebar_linklist":"","collection_sidebar_linklist2":"","filter_by_category":false,"filter_by_tag":true,"collection_sidebar_products":false,"collection_sidebar_vendors":false,"cart_action":"ajax","tax_included":false,"display_special_instructions":false,"display_tos_checkbox":false,"show_shipping_calculator":false,"shipping_calculator_default_country":"United States","contact_address":"","zoom_level":"12","display_social_buttons_blog":true,"blog_tags":true,"blog_content_page":"","disqus_enabled":false,"disqus_shortname":"","newsletter_enabled":true,"newsletter_system":"shopify","mailchimp_link":"","footer_linklist_2":"footer","footer_linklist_1":"","footer_alignment":"center","copyright_text":"All Rights Reserved.","display_designed_by":true,"enable_social_links":true,"twitter_link":"","facebook_link":"","google_link":"","youtube_link":"","vimeo_link":"","pinterest_link":"","tumblr_link":"","instagram_link":"","linkedin_link":"","flickr_link":"","email_link":"","use_paypal":false,"use_bitcoin":false,"use_visa":false,"use_visaelectron":false,"use_mastercard":false,"use_amex":false,"use_cirrus":false,"use_discover":false,"use_western_union":false,"show_multiple_currencies":true,"currency_format":"money_format","default_currency":"USD","newsletter_popup":false,"newsletter_popup_form":true,"newsletter_popup_page":"","newsletter_popup_seconds":"2","newsletter_popup_days":"30","newsletter_popup_max_width":"600","newsletter_popup_color":"#ffffff","newsletter_popup_background_color":"#4f4d4d","use_newsletter_bg_image":false,"newsletter_bg_stretched":false,"use_password_bg_image":true,"pagework_page_bg_stretched":true,"password_page_background_color":"#000000","password_page_text_color":"#ffffff","password_page_footer_text_color":"#666666","password_page_footer_link_color":"#9c9c9c","checkout_use_header_image":false,"checkout_logo":"","checkout_logo_position":"left","checkout_logo_size":"large","checkout_use_body_background_image":false,"checkout_body_background_color":"#fafafa","checkout_input_background_color_mode":"white","checkout_use_sidebar_background_image":false,"checkout_sidebar_background_color":"#ffffff","checkout_heading_font":"Helvetica Neue","checkout_body_font":"Helvetica Neue","checkout_accent_color":"#61245f","checkout_button_color":"#472a49","checkout_error_color":"#d4ac44","secondary_btn_color":"#f2f2f2","custom_bg_image_select":"custom_bg.png","custom_top_bar_image_select":"custom_top_bar.png","custom_footer_image_select":"custom_footer.png","use_delta":false,"checkout_banner_background_color":"#222222","checkout_headline":"","checkout_call_to_action_color":"#DD4B39","shop_use_content_bg_color":"1","shop_content_bg_color":"#bb3131","blog_widget":true,"checkout_background_color":"#ffffff","checkout_background_image":false,"checkout_text_color":"#404040","checkout_headline_color":"#404040","collection_top_sidebar_page":"","newsletter_success_text":"Thank you for joining our mailing list!","newsletter_description":"Subscribe to our newsletter and always be the first to hear about what is happening.","display_borders":true,"header_share_button":false,"product_zoom_enabled":false,"product_thumbnails_position":"side","shipping_calculator_heading":"Shipping rates calculator","shipping_calculator_submit_button_label":"Calculate shipping rates","shipping_calculator_submit_button_label_disabled":"Calculating...","quick_shop_text":"Quick Shop","sections":{"slideshow":{"type":"slideshow","blocks":{"slideshow-0":{"type":"image","settings":{"image":"","title":"The Responsive Shopify Theme","text_position":"center","text_align":"center","button_label":"","link":""}},"slideshow-1":{"type":"image","settings":{"image":"","title":"","text_position":"center","text_align":"left","button_label":"","link":""}}},"block_order":["slideshow-0","slideshow-1"],"settings":{"slideshow_animation":"fade","slideshow_speed":6,"image_stretch":true}},"1478221000214":{"type":"featured-promotions","blocks":{"1478221000214-0":{"type":"image","settings":{"image":"","link":"","title":"","text":""}},"1478221000214-1":{"type":"image","settings":{"image":"","link":"","title":"","text":""}},"1478221000214-2":{"type":"image","settings":{"image":"","link":"","title":"","text":""}}},"block_order":["1478221000214-0","1478221000214-1","1478221000214-2"],"settings":{"featured_promos_per_row":3,"featured_promos_grid":"standard"}},"1478221580356":{"type":"featured-products","blocks":{"1480990789094":{"type":"product","settings":{"featured_product":""}}},"block_order":["1480990789094"],"settings":{"title":"Featured products","frontpage_display_description":true,"frontpage_product_stagger":true}},"1478221782982":{"type":"featured-blog","settings":{"title":"Blog posts","blog_widget_select":"","home_page_articles":3}},"header":{"type":"header","settings":{"logo":"","logo_width":360,"logo_alignment":"center","main_linklist":"main-menu","menu_alignment":"center","nav_border":"double","nav_separator":"solid","announcement_message":"","announcement_link":"","announcement_color":"#444","search_box_top_bar":true,"fix_top_bar":true,"top_bar_linklist":"","phone_number":""}},"footer":{"type":"footer","settings":{"footer_linklist_2":"footer","footer_linklist_1":"","footer_alignment":"center","copyright_text":"","footer_newsletter":true,"display_designed_by":true,"display_payment_methods":true}},"1480990720351":{"type":"collection-list","blocks":{"1480990720351-0":{"type":"collection","settings":{"feature_collection":"","image":""}},"1480990720351-1":{"type":"collection","settings":{"feature_collection":"","image":""}}},"block_order":["1480990720351-0","1480990720351-1"],"settings":{"title":"Collection list","frontpage_collections_per_row":2,"frontpage_collections_title":true,"collection_count":true}},"1480990808036":{"type":"featured-collection","settings":{"title":"Featured collection","frontpage_collection":"","frontpage_products_per_row":3,"frontpage_products_limit":12}},"1480990842836":{"type":"featured-text","settings":{"image":"","title":"Talk about your brand","content":"<p>Use this text to share information about your brand with your customers. Describe a product, share announcements, or welcome customers to your store.<\/p>","text_size":"featured_text","text_alignment":"center","button_label":"","button_link":""}},"1480990865017":{"type":"image-with-text-overlay-section","settings":{"image_stretch":true,"title":"Your Headline","text_position":"center","text_align":"center","button_label":"","link":""}}},"content_for_index":["slideshow","1480990842836","1478221000214","1480990720351","1480990808036","1480990865017","1478221580356","1478221782982"]},"Paris":{"thumbnail_position":"bottom-thumbnails","search_box_top_bar":true,"search_option":"products","display_text_shadow":false,"fix_top_bar":true,"top_bar_linklist":"","use_logo":false,"logo_width":"300","logo_alignment":"center","main_linklist":"main-menu","menu_alignment":"center","nav_border":"solid","nav_separator":"solid","header_social_icons":false,"featured_content_page":"","link_color":"#808080","link_hover_color":"#222222","btn_color":"#1f214a","quick_shop_button_hover_color":"#222222","btn_hover_color":"#141632","sale_color":"#222222","new_banner_color":"#222222","was_price_color":"#888888","border_color":"#aeaeb0","table_styles_enabled":true,"shop_bg_color":"#ffffff","use_custom_bg_image":false,"repeat_bg":"repeat","bg_fixed":false,"bg_stretched":false,"top_bar_bg_color":"#f5f5f5","use_custom_top_bar_image":false,"modal_background_color":"#ffffff","dropdown_background_color":"#f5f5f5","dropdown_transparency":false,"footer_link_color":"#ffffff","footer_link_color_hover":"#707070","social_icons_color":"#ffffff","social_icons_color_hover":"#707070","footer_button":"#4d4d4d","footer_button_hover":"#707070","footer_border_color":"#161616","footer_color":"#161616","use_custom_footer_image":false,"logo_typeface_method":"google_webfonts","logo_font":"Google_Raleway","logo_websafe_font":"Futura, 'Century Gothic', AppleGothic, sans-serif","logo_weight":"normal","logo_font_style":"uppercase","logo_font_size":"30","logo_color":"#404040","headline_typeface_method":"google_webfonts","headline_font":"Google_Raleway","headline_websafe_font":"Futura, 'Century Gothic', AppleGothic, sans-serif","headline_weight":"normal","headline_font_style":"uppercase","headline_alignment":"center","headline_font_size":"34","headline_color":"#333333","headline_footer_text_color":"#ffffff","headline_letter_spacing":"1","nav_typeface_method":"google_webfonts","nav_font":"Google_Raleway","nav_websafe_font":"Futura, 'Century Gothic', AppleGothic, sans-serif","nav_weight":"normal","nav_font_style":"uppercase","nav_font_size":"12","nav_color":"#222222","nav_color_active":"#000000","nav_color_hover":"#888888","nav_letter_spacing":"2","top_bar_typeface_method":"google_webfonts","top_bar_font":"Google_Raleway","top_bar_websafe_font":"Futura, 'Century Gothic', AppleGothic, sans-serif","top_bar_weight":"normal","top_bar_font_style":"uppercase","top_bar_font_size":"12","top_bar_color":"#222222","top_bar_color_hover":"#b0b0b0","top_bar_letter_spacing":"1","regular_typeface_method":"websafe","regular_font":"Google_Raleway","regular_websafe_font":"Helvetica, Arial, sans-serif","regular_weight":"normal","regular_font_style":"none","regular_font_size":"15","regular_color":"#404040","footer_font_size":"14","footer_text_color":"#888888","slideshow_enabled":true,"slideshow_animation":"fade","slideshow_stretch":true,"slideshow_width_narrow":false,"slideshow_speed":"6","slideshow_headline_size":"42","slideshow_headline_weight":"normal","slideshow_subtitle_typeface_method":"websafe","slideshow_subtitle_font":"'HelveticaNeue-Light', 'Helvetica Neue Light', 'HelveticaNeue', 'Helvetica Neue', Helvetica, Arial, sans-serif","slideshow_subtitle_websafe_font":"'HelveticaNeue-Light', 'Helvetica Neue Light', 'Helvetica Neue', Helvetica, Arial, sans-serif","slideshow_subtitle_weight":"normal","slideshow_subtitle_font_style":"none","slideshow_subtitle_font_text":"normal","slideshow_subtitle_size":"16","video_embed":"","video_width":"set","video_width_px":"","video_position":"1","slideshow_1_enabled":true,"image_1_alt_text":"The Responsive Shopify Theme","image_1_headline":"The Responsive Shopify Theme","image_1_subtitle":"","image_1_text_color":"#ffffff","image_1_text_align":"center","image_1_button_text":"","image_1_link":"","slideshow_2_enabled":true,"image_2_alt_text":"","image_2_headline":"","image_2_subtitle":"","image_2_text_color":"#ffffff","image_2_text_align":"center","image_2_button_text":"","image_2_link":"","slideshow_3_enabled":false,"image_3_alt_text":"","image_3_headline":"","image_3_subtitle":"","image_3_text_color":"#ffffff","image_3_text_align":"center","image_3_button_text":"","image_3_link":"","slideshow_4_enabled":false,"image_4_alt_text":"","image_4_headline":"","image_4_subtitle":"","image_4_text_color":"#ffffff","image_4_text_align":"center","image_4_button_text":"","image_4_link":"","slideshow_5_enabled":false,"image_5_alt_text":"","image_5_headline":"","image_5_subtitle":"","image_5_text_color":"#ffffff","image_5_text_align":"center","image_5_button_text":"","image_5_link":"","slideshow_6_enabled":false,"image_6_alt_text":"","image_6_headline":"","image_6_subtitle":"","image_6_text_color":"#ffffff","image_6_text_align":"center","image_6_button_text":"","image_6_link":"","banner_1_enabled":false,"banner_1_alt_text":"","banner_1_headline":"","banner_1_subtitle":"","banner_1_text_color":"#ffffff","banner_1_text_align":"center","banner_1_button_text":"","banner_1_link":"","banner_2_enabled":false,"banner_2_alt_text":"","banner_2_headline":"","banner_2_subtitle":"","banner_2_text_color":"#ffffff","banner_2_text_align":"center","banner_2_button_text":"","banner_2_link":"","banner_3_enabled":false,"banner_3_alt_text":"","banner_3_headline":"","banner_3_subtitle":"","banner_3_text_color":"#ffffff","banner_3_text_align":"center","banner_3_button_text":"","banner_3_link":"","homepage":"","homepage2":"","homepage3":"","homepage4":"","frontpage_linklist":"","frontpage_collections_per_row":"3","frontpage_collections_title":true,"collection_title":true,"frontpage_collection":"","frontpage_collection2":"","frontpage_products_per_row":"4","frontpage_collection_full":"","frontpage_display_description":false,"frontpage_product_stagger":false,"blog_widget_select":"","home_page_articles":"4","twitter_widget":false,"twitter_username":"","twitter_theme":"light","tweet_count":"3","instagram_widget":false,"instagram_client_id":"","instagram_title":"Instagram","instagram_username":"","instagram_count":"4","product_breadcrumb":true,"display_tags":false,"display_type":false,"display_vendor":true,"display_collections":false,"display_sku":false,"display_social_buttons":true,"display_product_quantity":true,"display_inventory_left":false,"notify_me_form":true,"display_related_products":true,"product_thumbs":true,"product_images_position":"left","product_slideshow_animation":"slide","product_form_style":"swatches","product_description_position":"bottom","free_price_text":"Free","products_per_row":"3","mobile_products_per_row":"1","pagination_limit":"48","align_height":false,"collection_height":"200","collection_price_position":"center","collection_breadcrumb":true,"collection_border":false,"collection_tags":true,"collection_sort":true,"collection_secondary_image":true,"display_vendor_collection":false,"sale_banner_enabled":true,"collection_swatches":true,"quick_shop_enabled":true,"quick_shop_full_description":false,"description_words":"30","collection_sidebar":false,"collection_sidebar_page":"","collection_sidebar_linklist":"","collection_sidebar_linklist2":"","filter_by_category":false,"filter_by_tag":false,"collection_sidebar_products":false,"collection_sidebar_vendors":false,"cart_action":"ajax","tax_included":false,"display_special_instructions":false,"display_tos_checkbox":false,"show_shipping_calculator":false,"shipping_calculator_default_country":"United States","contact_address":"","zoom_level":"12","display_social_buttons_blog":true,"blog_tags":true,"blog_content_page":"","disqus_enabled":false,"disqus_shortname":"","newsletter_enabled":true,"newsletter_system":"shopify","mailchimp_link":"","footer_linklist_2":"footer","footer_linklist_1":"main-menu","footer_alignment":"left","copyright_text":"","display_designed_by":true,"enable_social_links":true,"twitter_link":"","facebook_link":"","google_link":"","youtube_link":"","vimeo_link":"","pinterest_link":"","tumblr_link":"","instagram_link":"","linkedin_link":"","flickr_link":"","email_link":"","use_paypal":false,"use_bitcoin":false,"use_visa":false,"use_visaelectron":false,"use_mastercard":false,"use_amex":false,"use_cirrus":false,"use_discover":false,"use_western_union":false,"show_multiple_currencies":false,"currency_format":"money_format","default_currency":"USD","newsletter_popup":false,"newsletter_popup_form":true,"newsletter_popup_page":"","newsletter_popup_seconds":"2","newsletter_popup_days":"30","newsletter_popup_max_width":"600","newsletter_popup_color":"#404040","newsletter_popup_background_color":"#ffffff","use_newsletter_bg_image":false,"newsletter_bg_stretched":false,"use_password_bg_image":true,"pagework_page_bg_stretched":true,"password_page_background_color":"#000000","password_page_text_color":"#ffffff","password_page_footer_text_color":"#666666","password_page_footer_link_color":"#9c9c9c","checkout_use_header_image":false,"checkout_logo":"","checkout_logo_position":"left","checkout_logo_size":"large","checkout_use_body_background_image":false,"checkout_body_background_color":"#fff","checkout_input_background_color_mode":"white","checkout_use_sidebar_background_image":false,"checkout_sidebar_background_color":"#fafafa","checkout_heading_font":"Helvetica Neue","checkout_body_font":"Helvetica Neue","checkout_accent_color":"#DD4B39","checkout_button_color":"#222222","checkout_error_color":"#ff6d6d","secondary_btn_color":"#f2f2f2","custom_bg_image_select":"custom_bg.png","custom_top_bar_image_select":"custom_top_bar.png","custom_footer_image_select":"custom_footer.png","use_delta":false,"checkout_banner_background_color":"#222222","checkout_headline":"","checkout_call_to_action_color":"#DD4B39","shop_use_content_bg_color":"1","shop_content_bg_color":"#bb3131","blog_widget":true,"checkout_background_color":"#ffffff","checkout_background_image":false,"checkout_text_color":"#404040","checkout_headline_color":"#404040","collection_top_sidebar_page":"","newsletter_success_text":"Thank you for joining our mailing list!","newsletter_description":"Subscribe to our newsletter and always be the first to hear about what is happening.","display_borders":true,"header_share_button":false,"product_zoom_enabled":false,"product_thumbnails_position":"side","shipping_calculator_heading":"Shipping rates calculator","shipping_calculator_submit_button_label":"Calculate shipping rates","shipping_calculator_submit_button_label_disabled":"Calculating...","quick_shop_text":"Quick Shop","sections":{"slideshow":{"type":"slideshow","blocks":{"slideshow-0":{"type":"image","settings":{"image":"","title":"The Responsive Shopify Theme","text_position":"center","text_align":"center","button_label":"","link":""}},"slideshow-1":{"type":"image","settings":{"image":"","title":"","text_position":"center","text_align":"left","button_label":"","link":""}}},"block_order":["slideshow-0","slideshow-1"],"settings":{"slideshow_animation":"fade","slideshow_speed":6,"image_stretch":true}},"1478221000214":{"type":"featured-promotions","blocks":{"1478221000214-0":{"type":"image","settings":{"image":"","link":"","title":"","text":""}},"1478221000214-1":{"type":"image","settings":{"image":"","link":"","title":"","text":""}},"1478221000214-2":{"type":"image","settings":{"image":"","link":"","title":"","text":""}}},"block_order":["1478221000214-0","1478221000214-1","1478221000214-2"],"settings":{"featured_promos_per_row":3,"featured_promos_grid":"standard"}},"1478221580356":{"type":"featured-products","blocks":{"1480990789094":{"type":"product","settings":{"featured_product":""}}},"block_order":["1480990789094"],"settings":{"title":"Featured products","frontpage_display_description":true,"frontpage_product_stagger":true}},"1478221782982":{"type":"featured-blog","settings":{"title":"Blog posts","blog_widget_select":"","home_page_articles":3}},"header":{"type":"header","settings":{"logo":"","logo_width":360,"logo_alignment":"center","main_linklist":"main-menu","menu_alignment":"center","nav_border":"double","nav_separator":"solid","announcement_message":"","announcement_link":"","announcement_color":"#444","search_box_top_bar":true,"fix_top_bar":true,"top_bar_linklist":"","phone_number":""}},"footer":{"type":"footer","settings":{"footer_linklist_2":"footer","footer_linklist_1":"","footer_alignment":"center","copyright_text":"","footer_newsletter":true,"display_designed_by":true,"display_payment_methods":true}},"1480990720351":{"type":"collection-list","blocks":{"1480990720351-0":{"type":"collection","settings":{"feature_collection":"","image":""}},"1480990720351-1":{"type":"collection","settings":{"feature_collection":"","image":""}}},"block_order":["1480990720351-0","1480990720351-1"],"settings":{"title":"Collection list","frontpage_collections_per_row":2,"frontpage_collections_title":true,"collection_count":true}},"1480990808036":{"type":"featured-collection","settings":{"title":"Featured collection","frontpage_collection":"","frontpage_products_per_row":3,"frontpage_products_limit":12}},"1480990842836":{"type":"featured-text","settings":{"image":"","title":"Talk about your brand","content":"<p>Use this text to share information about your brand with your customers. Describe a product, share announcements, or welcome customers to your store.<\/p>","text_size":"featured_text","text_alignment":"center","button_label":"","button_link":""}},"1480990865017":{"type":"image-with-text-overlay-section","settings":{"image_stretch":true,"title":"Your Headline","text_position":"center","text_align":"center","button_label":"","link":""}}},"content_for_index":["slideshow","1480990842836","1478221000214","1480990720351","1480990808036","1480990865017","1478221580356","1478221782982"]}},"current":{"logo_color":"#404040","regular_color":"#404040","headline_color":"#121112","banner_color":"#ffffff","headline_footer_text_color":"#ffffff","footer_text_color":"#888888","was_price_color":"#888888","password_page_footer_text_color":"#666666","newsletter_popup_color":"#404040","link_color":"#808080","link_hover_color":"#222222","nav_color":"#222222","nav_color_active":"#000000","nav_color_hover":"#888888","top_bar_color":"#222222","top_bar_color_hover":"#b0b0b0","footer_link_color":"#ffffff","footer_link_color_hover":"#707070","password_page_footer_link_color":"#9c9c9c","btn_color":"#1f214a","btn_hover_color":"#141632","footer_button":"#4d4d4d","footer_button_hover":"#707070","btn_txt_color":"#ffffff","table_styles_enabled":true,"border_color":"#131658","footer_border_color":"#161616","sale_color":"#ce3737","new_banner_color":"#222222","social_icons_color":"#ffffff","social_icons_color_hover":"#707070","shop_bg_color":"#e5eefc","dropdown_background_color":"#f5f5f5","dropdown_transparency":false,"custom_bg":"","repeat_bg":"repeat","bg_fixed":false,"bg_stretched":false,"top_bar_bg_color":"#f5f5f5","footer_color":"#161616","custom_footer":"","footer_repeat_bg":"repeat","footer_bg_stretched":false,"newsletter_popup_background_color":"#ffffff","newsletter_bg":"","newsletter_bg_stretched":false,"modal_background_color":"#ffffff","quick_shop_button_color":"#4f413f","quick_shop_button_hover_color":"#222222","quick_shop_text_color":"#ffffff","custom_logo":"","password_page_text_color":"#ffffff","password_page_background_color":"#000000","password-page-background":"","pagework_page_bg_stretched":true,"logo_font":"Google_Ubuntu","logo_weight":"normal","logo_font_style":"uppercase","logo_font_size":24,"headline_font":"Google_Ubuntu","headline_weight":"bold","headline_font_style":"uppercase","headline_alignment":"center","headline_font_size":37,"headline_letter_spacing":0,"nav_font":"Google_Ubuntu","nav_weight":"normal","nav_dropdown_weight":"normal","nav_font_style":"uppercase","nav_dropdown_font_style":"uppercase","nav_font_size":17,"nav_dropdown_font_size":15,"nav_letter_spacing":1,"top_bar_font":"Google_Ubuntu","top_bar_weight":"normal","top_bar_font_style":"uppercase","top_bar_font_size":12,"top_bar_letter_spacing":1,"display_text_shadow":false,"regular_font":"Google_Ubuntu","regular_weight":"normal","regular_font_style":"none","regular_font_size":16,"footer_font_size":15,"slideshow_headline_weight":"normal","slideshow_headline_size":42,"slideshow_subtitle_font":"Google_Ubuntu","slideshow_subtitle_weight":"normal","slideshow_subtitle_font_style":"none","slideshow_subtitle_font_text":"normal","slideshow_subtitle_size":20,"newsletter_popup":false,"newsletter_popup_mobile":false,"newsletter_popup_title":"","newsletter_popup_image":"","newsletter_popup_text":"","newsletter_popup_link":"","newsletter_popup_form":true,"newsletter_popup_seconds":2,"newsletter_popup_days":"30","newsletter_popup_max_width":600,"display_first_name":false,"display_last_name":false,"display_social_buttons":true,"header_social_icons":true,"enable_social_links":true,"twitter_link":"","facebook_link":"https:\/\/www.facebook.com\/imagesiprint","google_link":"","youtube_link":"","vimeo_link":"","pinterest_link":"","tumblr_link":"","instagram_link":"https:\/\/instagram.com\/imagesip","linkedin_link":"","flickr_link":"","email_link":"chris@imagesip.com","disqus_enabled":false,"disqus_shortname":"","mobile_products_per_row":"2","align_height":false,"collection_height":200,"collection_price_position":"center","collection_border":false,"collection_secondary_image":true,"display_vendor_collection":false,"sale_banner_enabled":true,"collection_swatches":true,"display_product_quantity":true,"display_inventory_left":false,"notify_me_form":true,"product_form_style":"swatches","free_price_text":"Free","size_chart":"","product_slideshow_animation":"slide","slideshow_speed":6,"thumbnail_position":"bottom-thumbnails","quick_shop_enabled":true,"product_description_position":"bottom","description_words":"30","enable_shopify_review_comments":true,"review_position":"bottom","enable_shopify_collection_badges":true,"enable_shopify_product_badges":true,"cart_action":"ajax","show_shipping_calculator":false,"shipping_calculator_default_country":"United States","show_multiple_currencies":false,"currency_format":"money_format","supported_currencies":"USD CAD INR GBP AUD EUR JPY","default_currency":"USD","search_option":"everything","favicon":"shopify:\/\/shop_images\/Favicon.png","checkout_header_image":"","checkout_logo_image":"shopify:\/\/shop_images\/Shopify-720x720.png","checkout_logo_position":"left","checkout_logo_size":"large","checkout_body_background_image":"","checkout_body_background_color":"#fff","checkout_input_background_color_mode":"white","checkout_sidebar_background_image":"","checkout_sidebar_background_color":"#fafafa","checkout_heading_font":"Helvetica Neue","checkout_body_font":"Helvetica Neue","checkout_accent_color":"#dd4b39","checkout_button_color":"#222222","checkout_error_color":"#ff6d6d","use_logo":false,"logo_width":"275","logo_alignment":"left","main_linklist":"main-menu","menu_alignment":"left","nav_border":"solid","nav_separator":"none","featured_content_page":"","secondary_btn_color":"#f2f2f2","use_custom_bg_image":false,"custom_bg_image_select":"custom_bg.png","use_custom_top_bar_image":false,"custom_top_bar_image_select":"custom_top_bar.png","use_newsletter_bg_image":false,"use_custom_footer_image":false,"custom_footer_image_select":"custom_footer.png","logo_typeface_method":"google_webfonts","logo_websafe_font":"Futura, 'Century Gothic', AppleGothic, sans-serif","headline_typeface_method":"google_webfonts","headline_websafe_font":"Futura, 'Century Gothic', AppleGothic, sans-serif","nav_typeface_method":"google_webfonts","nav_websafe_font":"Futura, 'Century Gothic', AppleGothic, sans-serif","top_bar_typeface_method":"google_webfonts","top_bar_google_webfont_font":"Merriweather","regular_typeface_method":"google_webfonts","regular_websafe_font":"Futura, 'Century Gothic', AppleGothic, sans-serif","search_box_top_bar":true,"fix_top_bar":true,"top_bar_linklist":"","slideshow_enabled":true,"slideshow_animation":"fade","slideshow_stretch":true,"slideshow_width_narrow":false,"slideshow_subtitle_typeface_method":"google_webfonts","slideshow_subtitle_websafe_font":"'HelveticaNeue-Light', 'Helvetica Neue Light', 'Helvetica Neue', Helvetica, Arial, sans-serif","video_embed":"","video_width":"set","video_width_px":"","video_position":"1","slideshow_1_enabled":true,"image_1_alt_text":"The Responsive Shopify Theme","image_1_headline":"The Responsive Shopify Theme","image_1_subtitle":"","image_1_text_color":"#ffffff","image_1_text_align":"center","image_1_button_text":"","image_1_link":"","slideshow_2_enabled":true,"image_2_text_color":"#ffffff","image_2_text_align":"center","image_2_button_text":"","image_2_link":"","slideshow_3_enabled":false,"image_3_alt_text":"","image_3_headline":"","image_3_subtitle":"","image_3_text_color":"#ffffff","image_3_text_align":"center","image_3_button_text":"","image_3_link":"","slideshow_4_enabled":false,"image_4_alt_text":"","image_4_headline":"","image_4_subtitle":"","image_4_text_color":"#ffffff","image_4_text_align":"center","image_4_button_text":"","image_4_link":"","slideshow_5_enabled":false,"image_5_alt_text":"","image_5_headline":"","image_5_subtitle":"","image_5_text_color":"#ffffff","image_5_text_align":"center","image_5_button_text":"","image_5_link":"","slideshow_6_enabled":false,"image_6_alt_text":"","image_6_headline":"","image_6_subtitle":"","image_6_text_color":"#ffffff","image_6_text_align":"center","image_6_button_text":"","image_6_link":"","banner_1_enabled":false,"banner_1_text_color":"#ffffff","banner_1_text_align":"center","banner_2_enabled":false,"banner_2_text_color":"#ffffff","banner_2_text_align":"center","banner_3_enabled":false,"banner_3_text_color":"#ffffff","banner_3_text_align":"center","homepage":"","homepage2":"","homepage3":"","homepage4":"","frontpage_collections_per_row":"3","frontpage_collections_title":true,"collection_title":false,"frontpage_collection":"","frontpage_products_per_row":"4","frontpage_display_description":true,"frontpage_product_stagger":false,"blog_widget_select":"","home_page_articles":"2","twitter_widget":false,"twitter_username":"","tweet_count":"4","instagram_widget":false,"instagram_title":"Instagram","instagram_username":"","instagram_count":"6","product_breadcrumb":true,"display_tags":true,"display_type":true,"display_vendor":false,"display_collections":false,"display_sku":false,"display_related_products":true,"product_thumbs":true,"product_images_position":"left","products_per_row":"2","pagination_limit":"48","collection_breadcrumb":true,"collection_tags":false,"collection_sort":true,"quick_shop_full_description":false,"collection_sidebar":false,"collection_sidebar_linklist":"","collection_sidebar_linklist2":"","filter_by_category":false,"filter_by_tag":true,"collection_sidebar_products":false,"collection_sidebar_vendors":false,"collection_sidebar_page":"","tax_included":false,"display_special_instructions":false,"display_tos_checkbox":false,"display_social_buttons_blog":true,"blog_tags":true,"blog_content_page":"","newsletter_enabled":true,"newsletter_system":"shopify","mailchimp_link":"","footer_linklist_2":"","footer_linklist_1":"main-menu","copyright_text":"","display_designed_by":true,"use_paypal":false,"use_bitcoin":false,"use_visa":false,"use_visaelectron":false,"use_mastercard":false,"use_amex":false,"use_cirrus":false,"use_delta":false,"use_discover":false,"use_western_union":false,"newsletter_popup_page":"","checkout_use_header_image":false,"checkout_banner_background_color":"#222222","checkout_logo":"","checkout_headline":"","checkout_call_to_action_color":"#DD4B39","shop_use_content_bg_color":"1","shop_content_bg_color":"#bb3131","blog_widget":true,"checkout_background_color":"#ffffff","checkout_background_image":false,"checkout_text_color":"#404040","checkout_headline_color":"#404040","collection_top_sidebar_page":"","newsletter_success_text":"Thank you for joining our mailing list!","newsletter_description":"Subscribe to our newsletter and always be the first to hear about what is happening.","display_borders":true,"header_share_button":false,"product_zoom_enabled":false,"product_thumbnails_position":"side","shipping_calculator_heading":"Shipping rates calculator","shipping_calculator_submit_button_label":"Calculate shipping rates","shipping_calculator_submit_button_label_disabled":"Calculating...","quick_shop_text":"Quick Shop","top_bar_websafe_font":"Futura, 'Century Gothic', AppleGothic, sans-serif","image_2_alt_text":"","image_2_headline":"","image_2_subtitle":"","banner_1_alt_text":"","banner_1_headline":"","banner_1_subtitle":"","banner_1_button_text":"","banner_1_link":"","banner_2_alt_text":"","banner_2_headline":"","banner_2_subtitle":"","banner_2_button_text":"","banner_2_link":"","banner_3_alt_text":"","banner_3_headline":"","banner_3_subtitle":"","banner_3_button_text":"","banner_3_link":"","frontpage_linklist":"","frontpage_collection2":"","frontpage_collection_full":"","twitter_theme":"light","instagram_client_id":"","contact_address":"2937 24th St, San Francisco, CA 94110, United States","zoom_level":"10","footer_alignment":"center","use_amazon":false,"use_password_bg_image":true,"checkout_use_body_background_image":false,"checkout_use_sidebar_background_image":false,"sections":{"slideshow":{"type":"slideshow","disabled":true,"blocks":{"slideshow-0":{"type":"image","settings":{"image":"","title":"Shiva puja","subtext":"<p><\/p>","text_position":"center","text_align":"center","button_label":"","link":""}},"slideshow-1":{"type":"image","settings":{"image":"","title":"","subtext":"<p><\/p>","text_position":"center","text_align":"left","button_label":"","link":""}}},"block_order":["slideshow-0","slideshow-1"],"settings":{"slideshow_animation":"fade","slideshow_speed":6,"image_stretch":true}},"1478221000214":{"type":"featured-promotions","disabled":true,"blocks":{"1478221000214-0":{"type":"image","settings":{"image":"","link":"","title":"","text":""}},"1478221000214-1":{"type":"image","settings":{"image":"","link":"","title":"","text":""}},"1478221000214-2":{"type":"image","settings":{"image":"","link":"","title":"","text":""}}},"block_order":["1478221000214-0","1478221000214-1","1478221000214-2"],"settings":{"featured_promos_per_row":3,"featured_promos_grid":"standard","rounded_image":false}},"1478221580356":{"type":"featured-products","blocks":{"1509419183337":{"type":"product","settings":{"featured_product":""}},"1509419203806":{"type":"product","settings":{"featured_product":""}},"1509421508235":{"type":"product","settings":{"featured_product":""}}},"block_order":["1509419183337","1509419203806","1509421508235"],"settings":{"title":"Featured products","frontpage_display_description":true,"display_vendor":true,"frontpage_product_stagger":true}},"1478221782982":{"type":"featured-blog","settings":{"title":"Blog posts","blog_widget_select":"","home_page_articles":3,"blog_tags":false,"blog_author":false,"blog_date":true,"blog_comment_count":true,"read_more_link":true}},"header":{"type":"header","settings":{"logo":"shopify:\/\/shop_images\/Shopify-720x720.png","logo_width":380,"logo_alignment":"center","main_linklist":"main-menu","menu_alignment":"center","nav_border":"double","nav_separator":"solid","announcement_message":"<p><strong>We make branding easy ... come see what we can do together!&nbsp;<\/strong><\/p>","announcement_link":"","announcement_color":"#444","search_box_top_bar":false,"fix_top_bar":true,"top_bar_linklist":"","phone_number":"(303) 875-7369"}},"footer":{"type":"footer","settings":{"footer_linklist_2":"","footer_linklist_1":"","title":"","footer_content_right":"","footer_content_page":"","footer_alignment":"center","copyright_text":"","footer_newsletter":false,"display_designed_by":false,"display_payment_methods":true}},"1480990720351":{"type":"collection-list","disabled":true,"blocks":{"1480990720351-0":{"type":"collection","settings":{"feature_collection":"","image":""}},"1480990720351-1":{"type":"collection","settings":{"feature_collection":"","image":""}}},"block_order":["1480990720351-0","1480990720351-1"],"settings":{"title":"Collection list","frontpage_collections_per_row":2,"frontpage_collections_title":true,"collection_count":true}},"1480990808036":{"type":"featured-collection","disabled":true,"settings":{"title":"Featured collection","frontpage_collection":"","frontpage_products_per_row":3,"frontpage_products_limit":12}},"1480990842836":{"type":"featured-text","disabled":true,"settings":{"image":"","title":"Practices for health and enhancement","content":"<p>Nootropics, also known as smart drugs and cognitive enhancers, are drugs, supplements, and other substances that improve cognitive function, particularly executive functions, memory, creativity, or motivation.&nbsp;&nbsp;<strong>Amaroli<\/strong>&nbsp;&nbsp;(&nbsp;<a href=\"https:\/\/translate.googleusercontent.com\/translate_c?depth=1&amp;hl=en&amp;prev=search&amp;rurl=translate.google.com&amp;sl=de&amp;sp=nmt4&amp;u=https:\/\/wiki.yoga-vidya.de\/Sanskrit&amp;usg=ALkJrhgGd-8bFzjkH6W1OO7sQR9zY6emQA\" title=\"Sanskrit\">Sanskrit<\/a>&nbsp;: अमरोलि amaroli and अमरोली amarolī&nbsp;<i>f.<\/i>&nbsp;) Is a&nbsp;practice of sublimating sexual&nbsp;<a href=\"https:\/\/translate.googleusercontent.com\/translate_c?depth=1&amp;hl=en&amp;prev=search&amp;rurl=translate.google.com&amp;sl=de&amp;sp=nmt4&amp;u=https:\/\/www.yoga-vidya.de\/seminare\/interessengebiet\/energiearbeit\/&amp;usg=ALkJrhjbTMvT2lEmqsa-krUAC7OwLTFHgw\">energy<\/a>&nbsp;.&nbsp;In the&nbsp;<a href=\"https:\/\/translate.googleusercontent.com\/translate_c?depth=1&amp;hl=en&amp;prev=search&amp;rurl=translate.google.com&amp;sl=de&amp;sp=nmt4&amp;u=https:\/\/wiki.yoga-vidya.de\/Hatha_Yoga_Pradipika&amp;usg=ALkJrhhA0QIMIzz0rX_4r6uyzIZLD_sL4A\" title=\"Hatha Yoga Pradipika\">Hatha Yoga Pradipika<\/a>&nbsp;(chapter 3, verses 92, 96-98), besides&nbsp;<a href=\"https:\/\/translate.googleusercontent.com\/translate_c?depth=1&amp;hl=en&amp;prev=search&amp;rurl=translate.google.com&amp;sl=de&amp;sp=nmt4&amp;u=https:\/\/wiki.yoga-vidya.de\/Sahajoli_Mudra&amp;usg=ALkJrhjjvKXZmzbm1KvI9Tom8mvci8KreQ\" title=\"Sahajoli mudra\">Sahajoli Mudra, it is<\/a>&nbsp;considered a special form of execution of&nbsp;<a href=\"https:\/\/translate.googleusercontent.com\/translate_c?depth=1&amp;hl=en&amp;prev=search&amp;rurl=translate.google.com&amp;sl=de&amp;sp=nmt4&amp;u=https:\/\/wiki.yoga-vidya.de\/Vajroli_Mudra&amp;usg=ALkJrhg_Id2OF5PDvftwdso1xS62i93lfA\" title=\"Vajroli mudra\">Vajroli Mudra<\/a>&nbsp;, which&nbsp;<a href=\"https:\/\/translate.googleusercontent.com\/translate_c?depth=1&amp;hl=en&amp;prev=search&amp;rurl=translate.google.com&amp;sl=de&amp;sp=nmt4&amp;u=https:\/\/wiki.yoga-vidya.de\/Vajroli_Mudra&amp;usg=ALkJrhg_Id2OF5PDvftwdso1xS62i93lfA\" title=\"Vajroli mudra\">involves<\/a>&nbsp;drinking one's own urine (&nbsp;<a href=\"https:\/\/translate.googleusercontent.com\/translate_c?depth=1&amp;hl=en&amp;prev=search&amp;rurl=translate.google.com&amp;sl=de&amp;sp=nmt4&amp;u=https:\/\/wiki.yoga-vidya.de\/Amari&amp;usg=ALkJrhhQgAUBXUi9BJRLdGSWLQPkVuBkCQ\" title=\"Amari\">Amari<\/a>&nbsp;,&nbsp;<a href=\"https:\/\/translate.googleusercontent.com\/translate_c?depth=1&amp;hl=en&amp;prev=search&amp;rurl=translate.google.com&amp;sl=de&amp;sp=nmt4&amp;u=https:\/\/wiki.yoga-vidya.de\/Shivambu&amp;usg=ALkJrhg6kKODEs4IUvHydwtln4t0IuqlUw\" title=\"Shivambu\">Shivambu<\/a>&nbsp;) and taking it via the nose (&nbsp;<a href=\"https:\/\/translate.googleusercontent.com\/translate_c?depth=1&amp;hl=en&amp;prev=search&amp;rurl=translate.google.com&amp;sl=de&amp;sp=nmt4&amp;u=https:\/\/wiki.yoga-vidya.de\/Nasya&amp;usg=ALkJrhgDvUWxGHGWRhVwGnkNhWVzEc0kLw\" title=\"Nasya\">Nasya<\/a>&nbsp;) is connected.<\/p>","text_size":"featured_text","text_alignment":"center","button_label":"","button_link":""}},"1480990865017":{"type":"image-with-text-overlay-section","settings":{"image_stretch":true,"image":"shopify:\/\/shop_images\/woman-within-clothing-racks.jpg","title":"Welcome to our new location","subtext":"<p>1030 Boston Ave #104<\/p>","text_position":"center","text_align":"center","button_label":"wiki","link":""}},"collection-template":{"type":"collection-template","settings":{"products_per_row":3,"pagination_limit":48,"collection_breadcrumb":true,"collection_tags":true,"collection_sort":true,"toggle":false}}},"content_for_index":["slideshow","1480990842836","1478221000214","1480990720351","1480990808036","1480990865017","1478221580356","1478221782982"]}}