[
  {
    "name": "theme_info",
    "theme_name": "Responsive",
    "theme_author": "Out of the Sandbox",
    "theme_version": "6.2.2",
    "theme_documentation_url": "https:\/\/help.outofthesandbox.com/",
    "theme_support_url": "https:\/\/help.outofthesandbox.com\/hc\/en-us\/requests/new"
  },
  {
    "name": "Colors",
    "settings": [
      {
        "type": "header",
        "content": "Text"
      },
      {
        "type": "color",
        "id": "logo_color",
        "label": "Logo text",
        "default": "#404040"
      },
      {
        "type": "color",
        "id": "regular_color",
        "label": "Body text",
        "default": "#404040"
      },

      {
        "type": "color",
        "id": "headline_color",
        "label": "Headings",
        "default": "#404040"
      },
     {
        "type": "color",
        "id": "banner_color",
        "label": "Banner headings",
        "default": "#ffffff"
      },

            {
        "type": "color",
        "id": "headline_footer_text_color",
        "label": "Footer heading",
        "default": "#ffffff"
      },

      {
        "type": "color",
        "id": "footer_text_color",
        "label": "Footer text",
        "default": "#888888"
      },

      {
        "type": "color",
        "id": "was_price_color",
        "label": "Compare at price",
        "default": "#AE3333"
      },
      {
        "type": "color",
        "id": "password_page_footer_text_color",
        "label": "Password page footer text",
        "default": "#666666"
      },
      {
        "type": "color",
        "id": "newsletter_popup_color",
        "label": "Popup text",
        "default": "#404040"
      },

     {
        "type": "header",
        "content": "Links"
      },
      {
        "type": "color",
        "id": "link_color",
        "label": "Links",
        "default": "#333333"
      },
      {
        "type": "color",
        "id": "link_hover_color",
        "label": "Links hover",
        "default": "#000000"
      },

      {
        "type": "color",
        "id": "nav_color",
        "label": "Main menu",
        "default": "#777777"
      },
      {
        "type": "color",
        "id": "nav_color_active",
        "label": "Main menu highlight",
        "default": "#404040"
      },
      {
        "type": "color",
        "id": "nav_color_hover",
        "label": "Main menu hover",
        "default": "#dd4b39"
      },

      {
        "type": "color",
        "id": "top_bar_color",
        "label": "Top bar links",
        "default": "#b6b6b6"
      },
      {
        "type": "color",
        "id": "top_bar_color_hover",
        "label": "Top bar links hover",
        "default": "#ffffff"
      },
      {
        "type": "color",
        "id": "footer_link_color",
        "label": "Footer links",
        "default": "#AE3333"
      },
      {
        "type": "color",
        "id": "footer_link_color_hover",
        "label": "Footer links hover",
        "default": "#AE3333"
      },
      {
        "type": "color",
        "id": "password_page_footer_link_color",
        "label": "Password page footer links",
        "default": "#9c9c9c"
      },
      {
        "type": "header",
        "content": "Buttons"
      },
      {
        "type": "color",
        "id": "btn_color",
        "label": "Buttons",
        "default": "#000000"
      },
      {
        "type": "color",
        "id": "btn_hover_color",
        "label": "Buttons hover",
        "default": "#AE3333"
      },
      {
        "type": "color",
        "id": "footer_button",
        "label": "Footer buttons",
        "default": "#AE3333"
      },
      {
        "type": "color",
        "id": "footer_button_hover",
        "label": "Footer buttons hover",
        "default": "#AE3333"
      },
      {
        "type": "color",
        "id": "btn_txt_color",
        "label": "Button label color",
        "default": "#FFFFFF"
      },

      {
        "type": "header",
        "content": "Layout"
      },
      {
        "type": "checkbox",
        "id": "table_styles_enabled",
        "label": "Show styled tables",
        "info": "This will add borders and padding to your tables"
      },
      {
        "type": "color",
        "id": "border_color",
        "label": "Borders",
        "default": "#d3d3d3"
      },
      {
        "type": "color",
        "id": "footer_border_color",
        "label": "Footer border",
        "default": "#222222"
      },
      {
        "type": "color",
        "id": "sale_color",
        "label": "Sale banner",
        "default": "#AE3333"
      },
      {
        "type": "color",
        "id": "new_banner_color",
        "label": "New, pre-order, and coming soon banners",
        "default": "#AE3333"
      },

      {
        "type": "color",
        "id": "social_icons_color",
        "label": "Footer social media icons",
        "default": "#AE3333"
      },
      {
        "type": "color",
        "id": "social_icons_color_hover",
        "label": "Footer social media icons hover",
        "default": "#AE3333"
      },

      {
        "type": "header",
        "content": "Backgrounds"
      },
      {
        "type": "color",
        "id": "shop_bg_color",
        "label": "Background",
        "default": "#ffffff"
      },
      {
        "type": "color",
        "id": "dropdown_background_color",
        "label": "Dropdown menu background",
        "default": "#ffffff"
      },
      {
        "type": "checkbox",
        "id": "dropdown_transparency",
        "label": "Enable dropdown menu transparency"
      },
      {
        "type": "image_picker",
        "id": "custom_bg",
        "label": "Background image",
        "info": "1800 x 1000px recommended"
      },
      {
        "type": "select",
        "id": "repeat_bg",
        "label": "Repeat background",
        "options": [
          {
            "value": "no-repeat",
            "label": "None"
          },
          {
            "value": "repeat-x",
            "label": "Horizontally"
          },
          {
            "value": "repeat-y",
            "label": "Vertically"
          },
          {
            "value": "repeat",
            "label": "Both"
          }
        ],
        "default": "repeat"
      },
      {
        "type": "checkbox",
        "id": "bg_fixed",
        "label": "Fixed background position"
      },
      {
        "type": "checkbox",
        "id": "bg_stretched",
        "label": "Stretch background to fill screen"
      },
      {
        "type": "color",
        "id": "top_bar_bg_color",
        "label": "Top bar background",
        "default": "#222222"
      },
     {
        "type": "color",
        "id": "footer_color",
        "label": "Footer background",
        "default": "#222222"
      },
      {
        "type": "image_picker",
        "id": "custom_footer",
        "label": "Footer background image",
        "info": "1800 x 600px recommended"
        },
       {
        "type": "select",
        "id": "footer_repeat_bg",
        "label": "Repeat footer background",
        "options": [
          {
            "value": "no-repeat",
            "label": "None"
          },
          {
            "value": "repeat-x",
            "label": "Horizontally"
          },
          {
            "value": "repeat-y",
            "label": "Vertically"
          },
          {
            "value": "repeat",
            "label": "Both"
          }
        ],
        "default": "repeat"
      },
      {
        "type": "checkbox",
        "id": "footer_bg_stretched",
        "label": "Stretch background to fill footer"
      },
      {
        "type": "color",
        "id": "newsletter_popup_background_color",
        "label": "Popup background",
        "default": "#ffffff"
      },
      {
        "type": "image_picker",
        "id": "newsletter_bg",
        "label": "Popup background image",
        "info": "600 x 400px recommended" 
      },
      {
        "type": "checkbox",
        "id": "newsletter_bg_stretched",
        "label": "Stretch background to fill popup"
      },
      {
        "type": "header",
        "content": "Quick shop"
      },
      {
        "type": "color",
        "id": "modal_background_color",
        "label": "Background",
        "default": "#FFFFFF"
      },
      {
        "type": "color",
        "id": "quick_shop_button_color",
        "label": "Button",
        "default": "#888888"
      },
      {
        "type": "color",
        "id": "quick_shop_button_hover_color",
        "label": "Button hover",
        "default": "#000000"
      },
      {
        "type": "color",
        "id": "quick_shop_text_color",
        "label": "Button label",
        "default": "#ffffff"
      },
      {
        "type": "header",
        "content": "Password page"
      },

      {
        "type": "image_picker",
        "id": "custom_logo",
        "label": "Logo",
        "info": "720px wide recommended"
      },
      {
        "type": "color",
        "id": "password_page_text_color",
        "label": "Password page text",
        "default": "#ffffff"
      },      
      {
        "type": "color",
        "id": "password_page_background_color",
        "label": "Background",
        "default": "#000000"
      },
      {
        "type": "image_picker",
        "id": "password-page-background",
        "label": "Background image",
        "info": "1800 x 1000px recommended"
      },
      {
        "type": "checkbox",
        "id": "pagework_page_bg_stretched",
        "label": "Stretch background to fill the password page",
        "default": true
      }
    ]
  },
  {
    "name": "Typography",
    "settings": [
      {
        "type": "header",
        "content": "Logo"
      },
      {
        "type": "select",
        "id": "logo_font",
        "label": "Font",
        "options": [
        {
            "value": "Arial, 'Helvetica Neue', Helvetica, sans-serif",
            "label": "Arial",
            "group": "Sans-serif"
          },
          {
            "value": "'Avant Garde', Avantgarde, 'Century Gothic', CenturyGothic, 'AppleGothic', sans-serif",
            "label": "Avant Garde",
            "group": "Sans-serif"
          },
          {
            "value": "Candara, Calibri, Segoe, 'Segoe UI', Optima, Arial, sans-serif",
            "label": "Candara",
            "group": "Sans-serif"
          },
          {
            "value": "Futura, 'Century Gothic', AppleGothic, sans-serif",
            "label": "Futura",
            "group": "Sans-serif"
          },
          {
            "value": "'Gill Sans', 'Gill Sans MT', Calibri, sans-serif",
            "label": "Gill Sans",
            "group": "Sans-serif"
          },
          {
            "value": "'HelveticaNeue-Light', 'Helvetica Neue Light', 'HelveticaNeue', 'Helvetica Neue', Helvetica, Arial, sans-serif",
            "label": "Helvetica Neue",
            "group": "Sans-serif"
          },
          {
            "value": "'Lucida Grande', 'Lucida Sans Unicode', 'Lucida Sans', Lucida, Helvetica, Arial, sans-serif",
            "label": "Lucida Grande",
            "group": "Sans-serif"
          },
          {
            "value": "Verdana, Geneva, Tahoma, sans-serif",
            "label": "Verdana",
            "group": "Sans-serif"
          },
          {
            "value": "Google_Advent+Pro",
            "label": "Advent Pro",
            "group": "Sans-serif | Google Fonts"
          },
           {
            "value": "Google_Asap",
            "label": "Asap",
            "group": "Sans-serif | Google Fonts"
          },
          {
            "value": "Google_Cabin",
            "label": "Cabin",
            "group": "Sans-serif | Google Fonts"
          },
          {
            "value": "Google_Dosis",
            "label": "Dosis",
            "group": "Sans-serif | Google Fonts"
          },
          {
            "value": "Google_Droid+Sans",
            "label": "Droid Sans",
            "group": "Sans-serif | Google Fonts"
          },
          {
            "value": "Google_Fjalla+One",
            "label": "Fjalla One",
            "group": "Sans-serif | Google Fonts"
          },
          {
            "value": "Google_Josefin+Sans",
            "label": "Josefin Sans",
            "group": "Sans-serif | Google Fonts"
          },
          {
            "value": "Google_Lato",
            "label": "Lato",
            "group": "Sans-serif | Google Fonts"
          },
          {
            "value": "Google_Montserrat",
            "label": "Montserrat",
            "group": "Sans-serif | Google Fonts"
          },
          {
            "value": "Google_Muli",
            "label": "Muli",
            "group": "Sans-serif | Google Fonts"
          },
          {
            "value": "Google_Open+Sans",
            "label": "Open Sans",
            "group": "Sans-serif | Google Fonts"
          },
          {
            "value": "Google_Open+Sans+Condensed",
            "label": "Open Sans Condensed",
            "group": "Sans-serif | Google Fonts"
          },
          {
            "value": "Google_Oswald",
            "label": "Oswald",
            "group": "Sans-serif | Google Fonts"
          },
          {
            "value": "Google_Poppins",
            "label": "Poppins",
            "group": "Sans-serif | Google Fonts"
          },
          {
            "value": "Google_PT+Sans",
            "label": "PT Sans",
            "group": "Sans-serif | Google Fonts"
          },
          {
            "value": "Google_PT+Sans+Narrow",
            "label": "PT Sans Narrow",
            "group": "Sans-serif | Google Fonts"
          },
          {
            "value": "Google_Questrial",
            "label": "Questrial",
            "group": "Sans-serif | Google Fonts"
          },
          {
            "value": "Google_Rajdhani",
            "label": "Rajdhani",
            "group": "Sans-serif | Google Fonts"
          },
          {
            "value": "Google_Raleway",
            "label": "Raleway",
            "group": "Sans-serif | Google Fonts"
          },
          {
            "value": "Google_Roboto",
            "label": "Roboto",
            "group": "Sans-serif | Google Fonts"
          },
          {
            "value": "Google_Source+Sans+Pro",
            "label": "Source Sans Pro",
            "group": "Sans-serif | Google Fonts"
          },
          {
            "value": "Google_Teko",
            "label": "Teko",
            "group": "Sans-serif | Google Fonts"
          },
          {
            "value": "Google_Ubuntu",
            "label": "Ubuntu",
            "group": "Sans-serif | Google Fonts"
          },
          {
            "value": "Google_Unica+One",
            "label": "Unica One",
            "group": "Sans-serif | Google Fonts"
          },

          {
            "value": "'Big Caslon', 'Book Antiqua', 'Palatino Linotype', Georgia, serif",
            "label": "Big Caslon",
            "group": "Serif"
          },
          {
            "value": "'Calisto MT', 'Bookman Old Style', Bookman, 'Goudy Old Style', Garamond, 'Hoefler Text', 'Bitstream Charter', Georgia, serif",
            "label": "Calisto MT",
            "group": "Serif"
          },
          {
            "value": "Baskerville, 'Baskerville Old Face', 'Hoefler Text', Garamond, 'Times New Roman', serif",
            "label": "Baskerville",
            "group": "Serif"
          },
          {
            "value": "Garamond, Baskerville, 'Baskerville Old Face', 'Hoefler Text', 'Times New Roman', serif",
            "label": "Garamond",
            "group": "Serif"
          },
          {
            "value": "TimesNewRoman, 'Times New Roman', Times, Baskerville, Georgia, serif",
            "label": "Times New Roman",
            "group": "Serif"
          },
          {
            "value": "Google_Arvo",
            "label": "Arvo",
            "group": "Serif | Google Fonts"
          },
          {
            "value": "Google_Crimson+Text",
            "label": "Crimson Text",
            "group": "Serif | Google Fonts"
          },
          {
            "value": "Google_Droid+Serif",
            "label": "Droid Serif",
            "group": "Serif | Google Fonts"
          },
          {
            "value": "Google_Glegoo",
            "label": "Glegoo",
            "group": "Serif | Google Fonts"
          },
          {
            "value": "Google_Josefin+Slab",
            "label": "Josefin Slab",
            "group": "Serif | Google Fonts"
          },
          {
            "value": "Google_Karma",
            "label": "Karma",
            "group": "Serif | Google Fonts"
          },
          {
            "value": "Google_Kreon",
            "label": "Kreon",
            "group": "Serif | Google Fonts"
          },
          {
            "value": "Google_Lora",
            "label": "Lora",
            "group": "Serif | Google Fonts"
          },
          {
            "value": "Google_Maitree",
            "label": "Maitree",
            "group": "Serif | Google Fonts"
          },
          {
            "value": "Google_Martel",
            "label": "Martel",
            "group": "Serif | Google Fonts"
          },
          {
            "value": "Google_Merriweather",
            "label": "Merriweather",
            "group": "Serif | Google Fonts"
          },
          {
            "value": "Google_Old+Standard+TT",
            "label": "Old Standard",
            "group": "Serif | Google Fonts"
          },
          {
            "value": "Google_Playfair+Display",
            "label": "Playfair Display",
            "group": "Serif | Google Fonts"
          },
          {
            "value": "Google_PT+Serif",
            "label": "PT Serif",
            "group": "Serif | Google Fonts"
          },
          {
            "value": "Google_Roboto+Slab",
            "label": "Roboto Slab",
            "group": "Serif | Google Fonts"
          },
          {
            "value": "Google_Rokkitt",
            "label": "Rokkitt",
            "group": "Serif | Google Fonts"
          },
          {
            "value": "Google_Taviraj",
            "label": "Taviraj",
            "group": "Serif | Google Fonts"
          },
          {
            "value": "Google_Vollkorn",
            "label": "Vollkorn",
            "group": "Serif | Google Fonts"
          },

          {
            "value": "Google_Amatic+SC",
            "label": "Amatic SC",
            "group": "Handwriting | Google Fonts"
          },
          {
            "value": "Google_Berkshire+Swash",
            "label": "Berkshire Swash",
            "group": "Handwriting | Google Fonts"
          },
          {
            "value": "Google_Caveat",
            "label": "Caveat",
            "group": "Handwriting | Google Fonts"
          },
          {
            "value": "Google_Condiment",
            "label": "Condiment",
            "group": "Handwriting | Google Fonts"
          },
          {
            "value": "Google_Dancing+Script",
            "label": "Dancing Script",
            "group": "Handwriting | Google Fonts"
          },
          {
            "value": "Google_Just+Another+Hand",
            "label": "Just Another Hand",
            "group": "Handwriting | Google Fonts"
          },
          {
            "value": "Google_Kalam",
            "label": "Kalam",
            "group": "Handwriting | Google Fonts"
          },
          {
            "value": "Google_Mrs+Saint+Delafield",
            "label": "Mrs Saint Delafield",
            "group": "Handwriting | Google Fonts"
          },
          {
            "value": "Google_Parisienne",
            "label": "Parisienne",
            "group": "Handwriting | Google Fonts"
          },
         {
            "value": "Google_Patrick+Hand+SC",
            "label": "Patrick Hand SC",
            "group": "Handwriting | Google Fonts"
          },
          {
            "value": "Google_Permanent+Marker",
            "label": "Permanent Marker",
            "group": "Handwriting | Google Fonts"
          },
          {
            "value": "Google_Shadows+Into+Light+Two",
            "label": "Shadows into Light Two",
            "group": "Handwriting | Google Fonts"
          },
          {
            "value": "Google_Sue+Ellen+Francisco",
            "label": "Sue Ellen Francisco",
            "group": "Handwriting | Google Fonts"
          },

          {
            "value": "'Courier New', Courier, monospace",
            "label": "Courier New",
            "group": "Monospace"
          },
          {
            "value": "Monaco, 'Lucida Console', 'DejaVu Sans Mono', monospace",
            "label": "Monaco/Lucida Console",
            "group": "Monospace"
          }
        ]
      },
      {
        "type": "select",
        "id": "logo_weight",
        "label": "Weight",
        "options": [
          {
            "value": "lighter",
            "label": "Light"
          },
          {
            "value": "normal",
            "label": "Regular"
          },
          {
            "value": "bold",
            "label": "Bold"
          }
        ],
        "default": "normal"
      },
      {
        "type": "select",
        "id": "logo_font_style",
        "label": "Capitalization",
        "options": [
          {
            "value": "none",
            "label": "None"
          },
          {
            "value": "uppercase",
            "label": "Uppercase"
          },
          {
            "value": "lowercase",
            "label": "Lowercase"
          }
        ],
        "default": "none"
      },
      {
        "type": "range",
        "id": "logo_font_size",
        "label": "Base size",
        "min": 20,
        "max": 60,
        "default": 42,
        "unit": "px"
      },
      {
        "type": "header",
        "content": "Headings"
      },
      {
        "type": "select",
        "id": "headline_font",
        "label": "Font",
        "options": [
         {
            "value": "Arial, 'Helvetica Neue', Helvetica, sans-serif",
            "label": "Arial",
            "group": "Sans-serif"
          },
          {
            "value": "'Avant Garde', Avantgarde, 'Century Gothic', CenturyGothic, 'AppleGothic', sans-serif",
            "label": "Avant Garde",
            "group": "Sans-serif"
          },
          {
            "value": "Candara, Calibri, Segoe, 'Segoe UI', Optima, Arial, sans-serif",
            "label": "Candara",
            "group": "Sans-serif"
          },
          {
            "value": "Futura, 'Century Gothic', AppleGothic, sans-serif",
            "label": "Futura",
            "group": "Sans-serif"
          },
          {
            "value": "'Gill Sans', 'Gill Sans MT', Calibri, sans-serif",
            "label": "Gill Sans",
            "group": "Sans-serif"
          },
          {
            "value": "'HelveticaNeue-Light', 'Helvetica Neue Light', 'HelveticaNeue', 'Helvetica Neue', Helvetica, Arial, sans-serif",
            "label": "Helvetica Neue",
            "group": "Sans-serif"
          },
          {
            "value": "'Lucida Grande', 'Lucida Sans Unicode', 'Lucida Sans', Lucida, Helvetica, Arial, sans-serif",
            "label": "Lucida Grande",
            "group": "Sans-serif"
          },
          {
            "value": "Verdana, Geneva, Tahoma, sans-serif",
            "label": "Verdana",
            "group": "Sans-serif"
          },
          {
            "value": "Google_Advent+Pro",
            "label": "Advent Pro",
            "group": "Sans-serif | Google Fonts"
          },
           {
            "value": "Google_Asap",
            "label": "Asap",
            "group": "Sans-serif | Google Fonts"
          },
          {
            "value": "Google_Cabin",
            "label": "Cabin",
            "group": "Sans-serif | Google Fonts"
          },
          {
            "value": "Google_Dosis",
            "label": "Dosis",
            "group": "Sans-serif | Google Fonts"
          },
          {
            "value": "Google_Droid+Sans",
            "label": "Droid Sans",
            "group": "Sans-serif | Google Fonts"
          },
          {
            "value": "Google_Fjalla+One",
            "label": "Fjalla One",
            "group": "Sans-serif | Google Fonts"
          },
          {
            "value": "Google_Josefin+Sans",
            "label": "Josefin Sans",
            "group": "Sans-serif | Google Fonts"
          },
          {
            "value": "Google_Lato",
            "label": "Lato",
            "group": "Sans-serif | Google Fonts"
          },
          {
            "value": "Google_Montserrat",
            "label": "Montserrat",
            "group": "Sans-serif | Google Fonts"
          },
          {
            "value": "Google_Muli",
            "label": "Muli",
            "group": "Sans-serif | Google Fonts"
          },
          {
            "value": "Google_Open+Sans",
            "label": "Open Sans",
            "group": "Sans-serif | Google Fonts"
          },
          {
            "value": "Google_Open+Sans+Condensed",
            "label": "Open Sans Condensed",
            "group": "Sans-serif | Google Fonts"
          },
          {
            "value": "Google_Oswald",
            "label": "Oswald",
            "group": "Sans-serif | Google Fonts"
          },
          {
            "value": "Google_Poppins",
            "label": "Poppins",
            "group": "Sans-serif | Google Fonts"
          },
          {
            "value": "Google_PT+Sans",
            "label": "PT Sans",
            "group": "Sans-serif | Google Fonts"
          },
          {
            "value": "Google_PT+Sans+Narrow",
            "label": "PT Sans Narrow",
            "group": "Sans-serif | Google Fonts"
          },
          {
            "value": "Google_Questrial",
            "label": "Questrial",
            "group": "Sans-serif | Google Fonts"
          },
          {
            "value": "Google_Rajdhani",
            "label": "Rajdhani",
            "group": "Sans-serif | Google Fonts"
          },
          {
            "value": "Google_Raleway",
            "label": "Raleway",
            "group": "Sans-serif | Google Fonts"
          },
          {
            "value": "Google_Roboto",
            "label": "Roboto",
            "group": "Sans-serif | Google Fonts"
          },
          {
            "value": "Google_Source+Sans+Pro",
            "label": "Source Sans Pro",
            "group": "Sans-serif | Google Fonts"
          },
          {
            "value": "Google_Teko",
            "label": "Teko",
            "group": "Sans-serif | Google Fonts"
          },
          {
            "value": "Google_Ubuntu",
            "label": "Ubuntu",
            "group": "Sans-serif | Google Fonts"
          },
          {
            "value": "Google_Unica+One",
            "label": "Unica One",
            "group": "Sans-serif | Google Fonts"
          },

          {
            "value": "'Big Caslon', 'Book Antiqua', 'Palatino Linotype', Georgia, serif",
            "label": "Big Caslon",
            "group": "Serif"
          },
          {
            "value": "'Calisto MT', 'Bookman Old Style', Bookman, 'Goudy Old Style', Garamond, 'Hoefler Text', 'Bitstream Charter', Georgia, serif",
            "label": "Calisto MT",
            "group": "Serif"
          },
          {
            "value": "Baskerville, 'Baskerville Old Face', 'Hoefler Text', Garamond, 'Times New Roman', serif",
            "label": "Baskerville",
            "group": "Serif"
          },
          {
            "value": "Garamond, Baskerville, 'Baskerville Old Face', 'Hoefler Text', 'Times New Roman', serif",
            "label": "Garamond",
            "group": "Serif"
          },
          {
            "value": "TimesNewRoman, 'Times New Roman', Times, Baskerville, Georgia, serif",
            "label": "Times New Roman",
            "group": "Serif"
          },
          {
            "value": "Google_Arvo",
            "label": "Arvo",
            "group": "Serif | Google Fonts"
          },
          {
            "value": "Google_Crimson+Text",
            "label": "Crimson Text",
            "group": "Serif | Google Fonts"
          },
          {
            "value": "Google_Droid+Serif",
            "label": "Droid Serif",
            "group": "Serif | Google Fonts"
          },
          {
            "value": "Google_Glegoo",
            "label": "Glegoo",
            "group": "Serif | Google Fonts"
          },
          {
            "value": "Google_Josefin+Slab",
            "label": "Josefin Slab",
            "group": "Serif | Google Fonts"
          },
          {
            "value": "Google_Karma",
            "label": "Karma",
            "group": "Serif | Google Fonts"
          },
          {
            "value": "Google_Kreon",
            "label": "Kreon",
            "group": "Serif | Google Fonts"
          },
          {
            "value": "Google_Lora",
            "label": "Lora",
            "group": "Serif | Google Fonts"
          },
          {
            "value": "Google_Maitree",
            "label": "Maitree",
            "group": "Serif | Google Fonts"
          },
          {
            "value": "Google_Martel",
            "label": "Martel",
            "group": "Serif | Google Fonts"
          },
          {
            "value": "Google_Merriweather",
            "label": "Merriweather",
            "group": "Serif | Google Fonts"
          },
          {
            "value": "Google_Old+Standard+TT",
            "label": "Old Standard",
            "group": "Serif | Google Fonts"
          },
          {
            "value": "Google_Playfair+Display",
            "label": "Playfair Display",
            "group": "Serif | Google Fonts"
          },
          {
            "value": "Google_PT+Serif",
            "label": "PT Serif",
            "group": "Serif | Google Fonts"
          },
          {
            "value": "Google_Roboto+Slab",
            "label": "Roboto Slab",
            "group": "Serif | Google Fonts"
          },
          {
            "value": "Google_Rokkitt",
            "label": "Rokkitt",
            "group": "Serif | Google Fonts"
          },
          {
            "value": "Google_Taviraj",
            "label": "Taviraj",
            "group": "Serif | Google Fonts"
          },
          {
            "value": "Google_Vollkorn",
            "label": "Vollkorn",
            "group": "Serif | Google Fonts"
          },

          {
            "value": "Google_Amatic+SC",
            "label": "Amatic SC",
            "group": "Handwriting | Google Fonts"
          },
          {
            "value": "Google_Berkshire+Swash",
            "label": "Berkshire Swash",
            "group": "Handwriting | Google Fonts"
          },
          {
            "value": "Google_Caveat",
            "label": "Caveat",
            "group": "Handwriting | Google Fonts"
          },
          {
            "value": "Google_Condiment",
            "label": "Condiment",
            "group": "Handwriting | Google Fonts"
          },
          {
            "value": "Google_Dancing+Script",
            "label": "Dancing Script",
            "group": "Handwriting | Google Fonts"
          },
          {
            "value": "Google_Just+Another+Hand",
            "label": "Just Another Hand",
            "group": "Handwriting | Google Fonts"
          },
          {
            "value": "Google_Kalam",
            "label": "Kalam",
            "group": "Handwriting | Google Fonts"
          },
          {
            "value": "Google_Mrs+Saint+Delafield",
            "label": "Mrs Saint Delafield",
            "group": "Handwriting | Google Fonts"
          },
          {
            "value": "Google_Parisienne",
            "label": "Parisienne",
            "group": "Handwriting | Google Fonts"
          },
         {
            "value": "Google_Patrick+Hand+SC",
            "label": "Patrick Hand SC",
            "group": "Handwriting | Google Fonts"
          },
          {
            "value": "Google_Permanent+Marker",
            "label": "Permanent Marker",
            "group": "Handwriting | Google Fonts"
          },
          {
            "value": "Google_Shadows+Into+Light+Two",
            "label": "Shadows into Light Two",
            "group": "Handwriting | Google Fonts"
          },
          {
            "value": "Google_Sue+Ellen+Francisco",
            "label": "Sue Ellen Francisco",
            "group": "Handwriting | Google Fonts"
          },

          {
            "value": "'Courier New', Courier, monospace",
            "label": "Courier New",
            "group": "Monospace"
          },
          {
            "value": "Monaco, 'Lucida Console', 'DejaVu Sans Mono', monospace",
            "label": "Monaco/Lucida Console",
            "group": "Monospace"
          }
        ]
      },
      {
        "type": "select",
        "id": "headline_weight",
        "label": "Weight",
        "options": [
          {
            "value": "lighter",
            "label": "Light"
          },
          {
            "value": "normal",
            "label": "Regular"
          },
          {
            "value": "bold",
            "label": "Bold"
          }
        ],
        "default": "normal"
      },
      {
        "type": "select",
        "id": "headline_font_style",
        "label": "Capitalization",
        "options": [
          {
            "value": "none",
            "label": "None"
          },
          {
            "value": "uppercase",
            "label": "Uppercase"
          },
          {
            "value": "lowercase",
            "label": "Lowercase"
          }
        ],
        "default": "none"
      },
      {
        "type": "select",
        "id": "headline_alignment",
        "label": "Font alignment",
        "options": [
          {
            "value": "center",
            "label": "Center"
          },
          {
            "value": "left",
            "label": "Left"
          }
        ],
        "default": "center"
      },
      {
        "type": "range",
        "id": "headline_font_size",
        "label": "Base size",
        "min": 20,
        "max": 60,
        "default": 34,
        "unit": "px"
      },
      {
        "type": "range",
        "id": "headline_letter_spacing",
        "label": "Letter spacing",
        "min": 0,
        "max": 6,
        "default": 0,
        "unit": "px"
      },
      {
        "type": "header",
        "content": "Main menu"
      },
      {
        "type": "select",
        "id": "nav_font",
        "label": "Font",
        "options": [
          {
            "value": "Arial, 'Helvetica Neue', Helvetica, sans-serif",
            "label": "Arial",
            "group": "Sans-serif"
          },
          {
            "value": "'Avant Garde', Avantgarde, 'Century Gothic', CenturyGothic, 'AppleGothic', sans-serif",
            "label": "Avant Garde",
            "group": "Sans-serif"
          },
          {
            "value": "Candara, Calibri, Segoe, 'Segoe UI', Optima, Arial, sans-serif",
            "label": "Candara",
            "group": "Sans-serif"
          },
          {
            "value": "Futura, 'Century Gothic', AppleGothic, sans-serif",
            "label": "Futura",
            "group": "Sans-serif"
          },
          {
            "value": "'Gill Sans', 'Gill Sans MT', Calibri, sans-serif",
            "label": "Gill Sans",
            "group": "Sans-serif"
          },
          {
            "value": "'HelveticaNeue-Light', 'Helvetica Neue Light', 'HelveticaNeue', 'Helvetica Neue', Helvetica, Arial, sans-serif",
            "label": "Helvetica Neue",
            "group": "Sans-serif"
          },
          {
            "value": "'Lucida Grande', 'Lucida Sans Unicode', 'Lucida Sans', Lucida, Helvetica, Arial, sans-serif",
            "label": "Lucida Grande",
            "group": "Sans-serif"
          },
          {
            "value": "Verdana, Geneva, Tahoma, sans-serif",
            "label": "Verdana",
            "group": "Sans-serif"
          },
          {
            "value": "Google_Advent+Pro",
            "label": "Advent Pro",
            "group": "Sans-serif | Google Fonts"
          },
           {
            "value": "Google_Asap",
            "label": "Asap",
            "group": "Sans-serif | Google Fonts"
          },
          {
            "value": "Google_Cabin",
            "label": "Cabin",
            "group": "Sans-serif | Google Fonts"
          },
          {
            "value": "Google_Dosis",
            "label": "Dosis",
            "group": "Sans-serif | Google Fonts"
          },
          {
            "value": "Google_Droid+Sans",
            "label": "Droid Sans",
            "group": "Sans-serif | Google Fonts"
          },
          {
            "value": "Google_Fjalla+One",
            "label": "Fjalla One",
            "group": "Sans-serif | Google Fonts"
          },
          {
            "value": "Google_Josefin+Sans",
            "label": "Josefin Sans",
            "group": "Sans-serif | Google Fonts"
          },
          {
            "value": "Google_Lato",
            "label": "Lato",
            "group": "Sans-serif | Google Fonts"
          },
          {
            "value": "Google_Montserrat",
            "label": "Montserrat",
            "group": "Sans-serif | Google Fonts"
          },
          {
            "value": "Google_Muli",
            "label": "Muli",
            "group": "Sans-serif | Google Fonts"
          },
          {
            "value": "Google_Open+Sans",
            "label": "Open Sans",
            "group": "Sans-serif | Google Fonts"
          },
          {
            "value": "Google_Open+Sans+Condensed",
            "label": "Open Sans Condensed",
            "group": "Sans-serif | Google Fonts"
          },
          {
            "value": "Google_Oswald",
            "label": "Oswald",
            "group": "Sans-serif | Google Fonts"
          },
          {
            "value": "Google_Poppins",
            "label": "Poppins",
            "group": "Sans-serif | Google Fonts"
          },
          {
            "value": "Google_PT+Sans",
            "label": "PT Sans",
            "group": "Sans-serif | Google Fonts"
          },
          {
            "value": "Google_PT+Sans+Narrow",
            "label": "PT Sans Narrow",
            "group": "Sans-serif | Google Fonts"
          },
          {
            "value": "Google_Questrial",
            "label": "Questrial",
            "group": "Sans-serif | Google Fonts"
          },
          {
            "value": "Google_Rajdhani",
            "label": "Rajdhani",
            "group": "Sans-serif | Google Fonts"
          },
          {
            "value": "Google_Raleway",
            "label": "Raleway",
            "group": "Sans-serif | Google Fonts"
          },
          {
            "value": "Google_Roboto",
            "label": "Roboto",
            "group": "Sans-serif | Google Fonts"
          },
          {
            "value": "Google_Source+Sans+Pro",
            "label": "Source Sans Pro",
            "group": "Sans-serif | Google Fonts"
          },
          {
            "value": "Google_Teko",
            "label": "Teko",
            "group": "Sans-serif | Google Fonts"
          },
          {
            "value": "Google_Ubuntu",
            "label": "Ubuntu",
            "group": "Sans-serif | Google Fonts"
          },
          {
            "value": "Google_Unica+One",
            "label": "Unica One",
            "group": "Sans-serif | Google Fonts"
          },

          {
            "value": "'Big Caslon', 'Book Antiqua', 'Palatino Linotype', Georgia, serif",
            "label": "Big Caslon",
            "group": "Serif"
          },
          {
            "value": "'Calisto MT', 'Bookman Old Style', Bookman, 'Goudy Old Style', Garamond, 'Hoefler Text', 'Bitstream Charter', Georgia, serif",
            "label": "Calisto MT",
            "group": "Serif"
          },
          {
            "value": "Baskerville, 'Baskerville Old Face', 'Hoefler Text', Garamond, 'Times New Roman', serif",
            "label": "Baskerville",
            "group": "Serif"
          },
          {
            "value": "Garamond, Baskerville, 'Baskerville Old Face', 'Hoefler Text', 'Times New Roman', serif",
            "label": "Garamond",
            "group": "Serif"
          },
          {
            "value": "TimesNewRoman, 'Times New Roman', Times, Baskerville, Georgia, serif",
            "label": "Times New Roman",
            "group": "Serif"
          },
          {
            "value": "Google_Arvo",
            "label": "Arvo",
            "group": "Serif | Google Fonts"
          },
          {
            "value": "Google_Crimson+Text",
            "label": "Crimson Text",
            "group": "Serif | Google Fonts"
          },
          {
            "value": "Google_Droid+Serif",
            "label": "Droid Serif",
            "group": "Serif | Google Fonts"
          },
          {
            "value": "Google_Glegoo",
            "label": "Glegoo",
            "group": "Serif | Google Fonts"
          },
          {
            "value": "Google_Josefin+Slab",
            "label": "Josefin Slab",
            "group": "Serif | Google Fonts"
          },
          {
            "value": "Google_Karma",
            "label": "Karma",
            "group": "Serif | Google Fonts"
          },
          {
            "value": "Google_Kreon",
            "label": "Kreon",
            "group": "Serif | Google Fonts"
          },
          {
            "value": "Google_Lora",
            "label": "Lora",
            "group": "Serif | Google Fonts"
          },
          {
            "value": "Google_Maitree",
            "label": "Maitree",
            "group": "Serif | Google Fonts"
          },
          {
            "value": "Google_Martel",
            "label": "Martel",
            "group": "Serif | Google Fonts"
          },
          {
            "value": "Google_Merriweather",
            "label": "Merriweather",
            "group": "Serif | Google Fonts"
          },
          {
            "value": "Google_Old+Standard+TT",
            "label": "Old Standard",
            "group": "Serif | Google Fonts"
          },
          {
            "value": "Google_Playfair+Display",
            "label": "Playfair Display",
            "group": "Serif | Google Fonts"
          },
          {
            "value": "Google_PT+Serif",
            "label": "PT Serif",
            "group": "Serif | Google Fonts"
          },
          {
            "value": "Google_Roboto+Slab",
            "label": "Roboto Slab",
            "group": "Serif | Google Fonts"
          },
          {
            "value": "Google_Rokkitt",
            "label": "Rokkitt",
            "group": "Serif | Google Fonts"
          },
          {
            "value": "Google_Taviraj",
            "label": "Taviraj",
            "group": "Serif | Google Fonts"
          },
          {
            "value": "Google_Vollkorn",
            "label": "Vollkorn",
            "group": "Serif | Google Fonts"
          },

          {
            "value": "Google_Amatic+SC",
            "label": "Amatic SC",
            "group": "Handwriting | Google Fonts"
          },
          {
            "value": "Google_Berkshire+Swash",
            "label": "Berkshire Swash",
            "group": "Handwriting | Google Fonts"
          },
          {
            "value": "Google_Caveat",
            "label": "Caveat",
            "group": "Handwriting | Google Fonts"
          },
          {
            "value": "Google_Condiment",
            "label": "Condiment",
            "group": "Handwriting | Google Fonts"
          },
          {
            "value": "Google_Dancing+Script",
            "label": "Dancing Script",
            "group": "Handwriting | Google Fonts"
          },
          {
            "value": "Google_Just+Another+Hand",
            "label": "Just Another Hand",
            "group": "Handwriting | Google Fonts"
          },
          {
            "value": "Google_Kalam",
            "label": "Kalam",
            "group": "Handwriting | Google Fonts"
          },
          {
            "value": "Google_Mrs+Saint+Delafield",
            "label": "Mrs Saint Delafield",
            "group": "Handwriting | Google Fonts"
          },
          {
            "value": "Google_Parisienne",
            "label": "Parisienne",
            "group": "Handwriting | Google Fonts"
          },
         {
            "value": "Google_Patrick+Hand+SC",
            "label": "Patrick Hand SC",
            "group": "Handwriting | Google Fonts"
          },
          {
            "value": "Google_Permanent+Marker",
            "label": "Permanent Marker",
            "group": "Handwriting | Google Fonts"
          },
          {
            "value": "Google_Shadows+Into+Light+Two",
            "label": "Shadows into Light Two",
            "group": "Handwriting | Google Fonts"
          },
          {
            "value": "Google_Sue+Ellen+Francisco",
            "label": "Sue Ellen Francisco",
            "group": "Handwriting | Google Fonts"
          },

          {
            "value": "'Courier New', Courier, monospace",
            "label": "Courier New",
            "group": "Monospace"
          },
          {
            "value": "Monaco, 'Lucida Console', 'DejaVu Sans Mono', monospace",
            "label": "Monaco/Lucida Console",
            "group": "Monospace"
          }
        ]
      },
      {
        "type": "select",
        "id": "nav_weight",
        "label": "Weight",
        "options": [
          {
            "value": "lighter",
            "label": "Light"
          },
          {
            "value": "normal",
            "label": "Regular"
          },
          {
            "value": "bold",
            "label": "Bold"
          }
        ],
        "default": "normal"
      },
      {
        "type": "select",
        "id": "nav_dropdown_weight",
        "label": "Dropdown menu font weight",
        "options": [
          {
            "value": "lighter",
            "label": "Light"
          },
          {
            "value": "normal",
            "label": "Regular"
          },
          {
            "value": "bold",
            "label": "Bold"
          }
        ],
        "default": "normal"
      },
      {
        "type": "select",
        "id": "nav_font_style",
        "label": "Capitalization",
        "options": [
          {
            "value": "none",
            "label": "None"
          },
          {
            "value": "uppercase",
            "label": "Uppercase"
          },
          {
            "value": "lowercase",
            "label": "Lowercase"
          }
        ],
        "default": "none"
      },
      {
        "type": "select",
        "id": "nav_dropdown_font_style",
        "label": "Dropdown menu capitalization",
        "options": [
          {
            "value": "none",
            "label": "None"
          },
          {
            "value": "uppercase",
            "label": "Uppercase"
          },
          {
            "value": "lowercase",
            "label": "Lowercase"
          }
        ],
        "default": "none"
      },
      {
        "type": "range",
        "id": "nav_font_size",
        "label": "Base size",
        "min": 12,
        "max": 20,
        "default": 15,
        "unit": "px"
      },
     {
        "type": "range",
        "id": "nav_dropdown_font_size",
        "label": "Dropdown menu font size",
        "min": 12,
        "max": 20,
        "default": 15,
        "unit": "px"
      },
      {
        "type": "range",
        "id": "nav_letter_spacing",
        "label": "Letter spacing",
        "min": 0,
        "max": 6,
        "default": 0,
        "unit": "px"
      },
      {
        "type": "header",
        "content": "Top bar and buttons"
      },
      {
        "type": "select",
        "id": "top_bar_font",
        "label": "Font",
        "options": [
          {
            "value": "Arial, 'Helvetica Neue', Helvetica, sans-serif",
            "label": "Arial",
            "group": "Sans-serif"
          },
          {
            "value": "'Avant Garde', Avantgarde, 'Century Gothic', CenturyGothic, 'AppleGothic', sans-serif",
            "label": "Avant Garde",
            "group": "Sans-serif"
          },
          {
            "value": "Candara, Calibri, Segoe, 'Segoe UI', Optima, Arial, sans-serif",
            "label": "Candara",
            "group": "Sans-serif"
          },
          {
            "value": "Futura, 'Century Gothic', AppleGothic, sans-serif",
            "label": "Futura",
            "group": "Sans-serif"
          },
          {
            "value": "'Gill Sans', 'Gill Sans MT', Calibri, sans-serif",
            "label": "Gill Sans",
            "group": "Sans-serif"
          },
          {
            "value": "'HelveticaNeue-Light', 'Helvetica Neue Light', 'HelveticaNeue', 'Helvetica Neue', Helvetica, Arial, sans-serif",
            "label": "Helvetica Neue",
            "group": "Sans-serif"
          },
          {
            "value": "'Lucida Grande', 'Lucida Sans Unicode', 'Lucida Sans', Lucida, Helvetica, Arial, sans-serif",
            "label": "Lucida Grande",
            "group": "Sans-serif"
          },
          {
            "value": "Verdana, Geneva, Tahoma, sans-serif",
            "label": "Verdana",
            "group": "Sans-serif"
          },
          {
            "value": "Google_Advent+Pro",
            "label": "Advent Pro",
            "group": "Sans-serif | Google Fonts"
          },
           {
            "value": "Google_Asap",
            "label": "Asap",
            "group": "Sans-serif | Google Fonts"
          },
          {
            "value": "Google_Cabin",
            "label": "Cabin",
            "group": "Sans-serif | Google Fonts"
          },
          {
            "value": "Google_Dosis",
            "label": "Dosis",
            "group": "Sans-serif | Google Fonts"
          },
          {
            "value": "Google_Droid+Sans",
            "label": "Droid Sans",
            "group": "Sans-serif | Google Fonts"
          },
          {
            "value": "Google_Fjalla+One",
            "label": "Fjalla One",
            "group": "Sans-serif | Google Fonts"
          },
          {
            "value": "Google_Josefin+Sans",
            "label": "Josefin Sans",
            "group": "Sans-serif | Google Fonts"
          },
          {
            "value": "Google_Lato",
            "label": "Lato",
            "group": "Sans-serif | Google Fonts"
          },
          {
            "value": "Google_Montserrat",
            "label": "Montserrat",
            "group": "Sans-serif | Google Fonts"
          },
          {
            "value": "Google_Muli",
            "label": "Muli",
            "group": "Sans-serif | Google Fonts"
          },
          {
            "value": "Google_Open+Sans",
            "label": "Open Sans",
            "group": "Sans-serif | Google Fonts"
          },
          {
            "value": "Google_Open+Sans+Condensed",
            "label": "Open Sans Condensed",
            "group": "Sans-serif | Google Fonts"
          },
          {
            "value": "Google_Oswald",
            "label": "Oswald",
            "group": "Sans-serif | Google Fonts"
          },
          {
            "value": "Google_Poppins",
            "label": "Poppins",
            "group": "Sans-serif | Google Fonts"
          },
          {
            "value": "Google_PT+Sans",
            "label": "PT Sans",
            "group": "Sans-serif | Google Fonts"
          },
          {
            "value": "Google_PT+Sans+Narrow",
            "label": "PT Sans Narrow",
            "group": "Sans-serif | Google Fonts"
          },
          {
            "value": "Google_Questrial",
            "label": "Questrial",
            "group": "Sans-serif | Google Fonts"
          },
          {
            "value": "Google_Rajdhani",
            "label": "Rajdhani",
            "group": "Sans-serif | Google Fonts"
          },
          {
            "value": "Google_Raleway",
            "label": "Raleway",
            "group": "Sans-serif | Google Fonts"
          },
          {
            "value": "Google_Roboto",
            "label": "Roboto",
            "group": "Sans-serif | Google Fonts"
          },
          {
            "value": "Google_Source+Sans+Pro",
            "label": "Source Sans Pro",
            "group": "Sans-serif | Google Fonts"
          },
          {
            "value": "Google_Teko",
            "label": "Teko",
            "group": "Sans-serif | Google Fonts"
          },
          {
            "value": "Google_Ubuntu",
            "label": "Ubuntu",
            "group": "Sans-serif | Google Fonts"
          },
          {
            "value": "Google_Unica+One",
            "label": "Unica One",
            "group": "Sans-serif | Google Fonts"
          },

          {
            "value": "'Big Caslon', 'Book Antiqua', 'Palatino Linotype', Georgia, serif",
            "label": "Big Caslon",
            "group": "Serif"
          },
          {
            "value": "'Calisto MT', 'Bookman Old Style', Bookman, 'Goudy Old Style', Garamond, 'Hoefler Text', 'Bitstream Charter', Georgia, serif",
            "label": "Calisto MT",
            "group": "Serif"
          },
          {
            "value": "Baskerville, 'Baskerville Old Face', 'Hoefler Text', Garamond, 'Times New Roman', serif",
            "label": "Baskerville",
            "group": "Serif"
          },
          {
            "value": "Garamond, Baskerville, 'Baskerville Old Face', 'Hoefler Text', 'Times New Roman', serif",
            "label": "Garamond",
            "group": "Serif"
          },
          {
            "value": "TimesNewRoman, 'Times New Roman', Times, Baskerville, Georgia, serif",
            "label": "Times New Roman",
            "group": "Serif"
          },
          {
            "value": "Google_Arvo",
            "label": "Arvo",
            "group": "Serif | Google Fonts"
          },
          {
            "value": "Google_Crimson+Text",
            "label": "Crimson Text",
            "group": "Serif | Google Fonts"
          },
          {
            "value": "Google_Droid+Serif",
            "label": "Droid Serif",
            "group": "Serif | Google Fonts"
          },
          {
            "value": "Google_Glegoo",
            "label": "Glegoo",
            "group": "Serif | Google Fonts"
          },
          {
            "value": "Google_Josefin+Slab",
            "label": "Josefin Slab",
            "group": "Serif | Google Fonts"
          },
          {
            "value": "Google_Karma",
            "label": "Karma",
            "group": "Serif | Google Fonts"
          },
          {
            "value": "Google_Kreon",
            "label": "Kreon",
            "group": "Serif | Google Fonts"
          },
          {
            "value": "Google_Lora",
            "label": "Lora",
            "group": "Serif | Google Fonts"
          },
          {
            "value": "Google_Maitree",
            "label": "Maitree",
            "group": "Serif | Google Fonts"
          },
          {
            "value": "Google_Martel",
            "label": "Martel",
            "group": "Serif | Google Fonts"
          },
          {
            "value": "Google_Merriweather",
            "label": "Merriweather",
            "group": "Serif | Google Fonts"
          },
          {
            "value": "Google_Old+Standard+TT",
            "label": "Old Standard",
            "group": "Serif | Google Fonts"
          },
          {
            "value": "Google_Playfair+Display",
            "label": "Playfair Display",
            "group": "Serif | Google Fonts"
          },
          {
            "value": "Google_PT+Serif",
            "label": "PT Serif",
            "group": "Serif | Google Fonts"
          },
          {
            "value": "Google_Roboto+Slab",
            "label": "Roboto Slab",
            "group": "Serif | Google Fonts"
          },
          {
            "value": "Google_Rokkitt",
            "label": "Rokkitt",
            "group": "Serif | Google Fonts"
          },
          {
            "value": "Google_Taviraj",
            "label": "Taviraj",
            "group": "Serif | Google Fonts"
          },
          {
            "value": "Google_Vollkorn",
            "label": "Vollkorn",
            "group": "Serif | Google Fonts"
          },

          {
            "value": "Google_Amatic+SC",
            "label": "Amatic SC",
            "group": "Handwriting | Google Fonts"
          },
          {
            "value": "Google_Berkshire+Swash",
            "label": "Berkshire Swash",
            "group": "Handwriting | Google Fonts"
          },
          {
            "value": "Google_Caveat",
            "label": "Caveat",
            "group": "Handwriting | Google Fonts"
          },
          {
            "value": "Google_Condiment",
            "label": "Condiment",
            "group": "Handwriting | Google Fonts"
          },
          {
            "value": "Google_Dancing+Script",
            "label": "Dancing Script",
            "group": "Handwriting | Google Fonts"
          },
          {
            "value": "Google_Just+Another+Hand",
            "label": "Just Another Hand",
            "group": "Handwriting | Google Fonts"
          },
          {
            "value": "Google_Kalam",
            "label": "Kalam",
            "group": "Handwriting | Google Fonts"
          },
          {
            "value": "Google_Mrs+Saint+Delafield",
            "label": "Mrs Saint Delafield",
            "group": "Handwriting | Google Fonts"
          },
          {
            "value": "Google_Parisienne",
            "label": "Parisienne",
            "group": "Handwriting | Google Fonts"
          },
         {
            "value": "Google_Patrick+Hand+SC",
            "label": "Patrick Hand SC",
            "group": "Handwriting | Google Fonts"
          },
          {
            "value": "Google_Permanent+Marker",
            "label": "Permanent Marker",
            "group": "Handwriting | Google Fonts"
          },
          {
            "value": "Google_Shadows+Into+Light+Two",
            "label": "Shadows into Light Two",
            "group": "Handwriting | Google Fonts"
          },
          {
            "value": "Google_Sue+Ellen+Francisco",
            "label": "Sue Ellen Francisco",
            "group": "Handwriting | Google Fonts"
          },

          {
            "value": "'Courier New', Courier, monospace",
            "label": "Courier New",
            "group": "Monospace"
          },
          {
            "value": "Monaco, 'Lucida Console', 'DejaVu Sans Mono', monospace",
            "label": "Monaco/Lucida Console",
            "group": "Monospace"
          }
        ]
      },
      {
        "type": "select",
        "id": "top_bar_weight",
        "label": "Weight",
        "options": [
          {
            "value": "lighter",
            "label": "Light"
          },
          {
            "value": "normal",
            "label": "Regular"
          },
          {
            "value": "bold",
            "label": "Bold"
          }
        ],
        "default": "normal"
      },
      {
        "type": "select",
        "id": "top_bar_font_style",
        "label": "Capitalization",
        "options": [
          {
            "value": "none",
            "label": "None"
          },
          {
            "value": "uppercase",
            "label": "Uppercase"
          },
          {
            "value": "lowercase",
            "label": "Lowercase"
          }
        ],
        "default": "none"
      },
      {
        "type": "range",
        "id": "top_bar_font_size",
        "label": "Base size",
        "min": 10,
        "max": 20,
        "default": 12,
        "unit": "px"
      },
      {
        "type": "range",
        "id": "top_bar_letter_spacing",
        "label": "Letter spacing",
        "min": 0,
        "max": 6,
        "default": 0,
        "unit": "px"
      },
      {
        "type": "checkbox",
        "id": "display_text_shadow",
        "label": "Top bar shadow"
      },
      {
        "type": "header",
        "content": "Body text"
      },
      {
        "type": "select",
        "id": "regular_font",
        "label": "Font",
        "options": [
          {
            "value": "Arial, 'Helvetica Neue', Helvetica, sans-serif",
            "label": "Arial",
            "group": "Sans-serif"
          },
          {
            "value": "'Avant Garde', Avantgarde, 'Century Gothic', CenturyGothic, 'AppleGothic', sans-serif",
            "label": "Avant Garde",
            "group": "Sans-serif"
          },
          {
            "value": "Candara, Calibri, Segoe, 'Segoe UI', Optima, Arial, sans-serif",
            "label": "Candara",
            "group": "Sans-serif"
          },
          {
            "value": "Futura, 'Century Gothic', AppleGothic, sans-serif",
            "label": "Futura",
            "group": "Sans-serif"
          },
          {
            "value": "'Gill Sans', 'Gill Sans MT', Calibri, sans-serif",
            "label": "Gill Sans",
            "group": "Sans-serif"
          },
          {
            "value": "'HelveticaNeue-Light', 'Helvetica Neue Light', 'HelveticaNeue', 'Helvetica Neue', Helvetica, Arial, sans-serif",
            "label": "Helvetica Neue",
            "group": "Sans-serif"
          },
          {
            "value": "'Lucida Grande', 'Lucida Sans Unicode', 'Lucida Sans', Lucida, Helvetica, Arial, sans-serif",
            "label": "Lucida Grande",
            "group": "Sans-serif"
          },
          {
            "value": "Verdana, Geneva, Tahoma, sans-serif",
            "label": "Verdana",
            "group": "Sans-serif"
          },
          {
            "value": "Google_Advent+Pro",
            "label": "Advent Pro",
            "group": "Sans-serif | Google Fonts"
          },
           {
            "value": "Google_Asap",
            "label": "Asap",
            "group": "Sans-serif | Google Fonts"
          },
          {
            "value": "Google_Cabin",
            "label": "Cabin",
            "group": "Sans-serif | Google Fonts"
          },
          {
            "value": "Google_Dosis",
            "label": "Dosis",
            "group": "Sans-serif | Google Fonts"
          },
          {
            "value": "Google_Droid+Sans",
            "label": "Droid Sans",
            "group": "Sans-serif | Google Fonts"
          },
          {
            "value": "Google_Fjalla+One",
            "label": "Fjalla One",
            "group": "Sans-serif | Google Fonts"
          },
          {
            "value": "Google_Josefin+Sans",
            "label": "Josefin Sans",
            "group": "Sans-serif | Google Fonts"
          },
          {
            "value": "Google_Lato",
            "label": "Lato",
            "group": "Sans-serif | Google Fonts"
          },
          {
            "value": "Google_Montserrat",
            "label": "Montserrat",
            "group": "Sans-serif | Google Fonts"
          },
          {
            "value": "Google_Muli",
            "label": "Muli",
            "group": "Sans-serif | Google Fonts"
          },
          {
            "value": "Google_Open+Sans",
            "label": "Open Sans",
            "group": "Sans-serif | Google Fonts"
          },
          {
            "value": "Google_Open+Sans+Condensed",
            "label": "Open Sans Condensed",
            "group": "Sans-serif | Google Fonts"
          },
          {
            "value": "Google_Oswald",
            "label": "Oswald",
            "group": "Sans-serif | Google Fonts"
          },
          {
            "value": "Google_Poppins",
            "label": "Poppins",
            "group": "Sans-serif | Google Fonts"
          },
          {
            "value": "Google_PT+Sans",
            "label": "PT Sans",
            "group": "Sans-serif | Google Fonts"
          },
          {
            "value": "Google_PT+Sans+Narrow",
            "label": "PT Sans Narrow",
            "group": "Sans-serif | Google Fonts"
          },
          {
            "value": "Google_Questrial",
            "label": "Questrial",
            "group": "Sans-serif | Google Fonts"
          },
          {
            "value": "Google_Rajdhani",
            "label": "Rajdhani",
            "group": "Sans-serif | Google Fonts"
          },
          {
            "value": "Google_Raleway",
            "label": "Raleway",
            "group": "Sans-serif | Google Fonts"
          },
          {
            "value": "Google_Roboto",
            "label": "Roboto",
            "group": "Sans-serif | Google Fonts"
          },
          {
            "value": "Google_Source+Sans+Pro",
            "label": "Source Sans Pro",
            "group": "Sans-serif | Google Fonts"
          },
          {
            "value": "Google_Teko",
            "label": "Teko",
            "group": "Sans-serif | Google Fonts"
          },
          {
            "value": "Google_Ubuntu",
            "label": "Ubuntu",
            "group": "Sans-serif | Google Fonts"
          },
          {
            "value": "Google_Unica+One",
            "label": "Unica One",
            "group": "Sans-serif | Google Fonts"
          },

          {
            "value": "'Big Caslon', 'Book Antiqua', 'Palatino Linotype', Georgia, serif",
            "label": "Big Caslon",
            "group": "Serif"
          },
          {
            "value": "'Calisto MT', 'Bookman Old Style', Bookman, 'Goudy Old Style', Garamond, 'Hoefler Text', 'Bitstream Charter', Georgia, serif",
            "label": "Calisto MT",
            "group": "Serif"
          },
          {
            "value": "Baskerville, 'Baskerville Old Face', 'Hoefler Text', Garamond, 'Times New Roman', serif",
            "label": "Baskerville",
            "group": "Serif"
          },
          {
            "value": "Garamond, Baskerville, 'Baskerville Old Face', 'Hoefler Text', 'Times New Roman', serif",
            "label": "Garamond",
            "group": "Serif"
          },
          {
            "value": "TimesNewRoman, 'Times New Roman', Times, Baskerville, Georgia, serif",
            "label": "Times New Roman",
            "group": "Serif"
          },
          {
            "value": "Google_Arvo",
            "label": "Arvo",
            "group": "Serif | Google Fonts"
          },
          {
            "value": "Google_Crimson+Text",
            "label": "Crimson Text",
            "group": "Serif | Google Fonts"
          },
          {
            "value": "Google_Droid+Serif",
            "label": "Droid Serif",
            "group": "Serif | Google Fonts"
          },
          {
            "value": "Google_Glegoo",
            "label": "Glegoo",
            "group": "Serif | Google Fonts"
          },
          {
            "value": "Google_Josefin+Slab",
            "label": "Josefin Slab",
            "group": "Serif | Google Fonts"
          },
          {
            "value": "Google_Karma",
            "label": "Karma",
            "group": "Serif | Google Fonts"
          },
          {
            "value": "Google_Kreon",
            "label": "Kreon",
            "group": "Serif | Google Fonts"
          },
          {
            "value": "Google_Lora",
            "label": "Lora",
            "group": "Serif | Google Fonts"
          },
          {
            "value": "Google_Maitree",
            "label": "Maitree",
            "group": "Serif | Google Fonts"
          },
          {
            "value": "Google_Martel",
            "label": "Martel",
            "group": "Serif | Google Fonts"
          },
          {
            "value": "Google_Merriweather",
            "label": "Merriweather",
            "group": "Serif | Google Fonts"
          },
          {
            "value": "Google_Old+Standard+TT",
            "label": "Old Standard",
            "group": "Serif | Google Fonts"
          },
          {
            "value": "Google_Playfair+Display",
            "label": "Playfair Display",
            "group": "Serif | Google Fonts"
          },
          {
            "value": "Google_PT+Serif",
            "label": "PT Serif",
            "group": "Serif | Google Fonts"
          },
          {
            "value": "Google_Roboto+Slab",
            "label": "Roboto Slab",
            "group": "Serif | Google Fonts"
          },
          {
            "value": "Google_Rokkitt",
            "label": "Rokkitt",
            "group": "Serif | Google Fonts"
          },
          {
            "value": "Google_Taviraj",
            "label": "Taviraj",
            "group": "Serif | Google Fonts"
          },
          {
            "value": "Google_Vollkorn",
            "label": "Vollkorn",
            "group": "Serif | Google Fonts"
          },

          {
            "value": "Google_Amatic+SC",
            "label": "Amatic SC",
            "group": "Handwriting | Google Fonts"
          },
          {
            "value": "Google_Berkshire+Swash",
            "label": "Berkshire Swash",
            "group": "Handwriting | Google Fonts"
          },
          {
            "value": "Google_Caveat",
            "label": "Caveat",
            "group": "Handwriting | Google Fonts"
          },
          {
            "value": "Google_Condiment",
            "label": "Condiment",
            "group": "Handwriting | Google Fonts"
          },
          {
            "value": "Google_Dancing+Script",
            "label": "Dancing Script",
            "group": "Handwriting | Google Fonts"
          },
          {
            "value": "Google_Just+Another+Hand",
            "label": "Just Another Hand",
            "group": "Handwriting | Google Fonts"
          },
          {
            "value": "Google_Kalam",
            "label": "Kalam",
            "group": "Handwriting | Google Fonts"
          },
          {
            "value": "Google_Mrs+Saint+Delafield",
            "label": "Mrs Saint Delafield",
            "group": "Handwriting | Google Fonts"
          },
          {
            "value": "Google_Parisienne",
            "label": "Parisienne",
            "group": "Handwriting | Google Fonts"
          },
         {
            "value": "Google_Patrick+Hand+SC",
            "label": "Patrick Hand SC",
            "group": "Handwriting | Google Fonts"
          },
          {
            "value": "Google_Permanent+Marker",
            "label": "Permanent Marker",
            "group": "Handwriting | Google Fonts"
          },
          {
            "value": "Google_Shadows+Into+Light+Two",
            "label": "Shadows into Light Two",
            "group": "Handwriting | Google Fonts"
          },
          {
            "value": "Google_Sue+Ellen+Francisco",
            "label": "Sue Ellen Francisco",
            "group": "Handwriting | Google Fonts"
          },

          {
            "value": "'Courier New', Courier, monospace",
            "label": "Courier New",
            "group": "Monospace"
          },
          {
            "value": "Monaco, 'Lucida Console', 'DejaVu Sans Mono', monospace",
            "label": "Monaco/Lucida Console",
            "group": "Monospace"
          }
        ]
      },
      {
        "type": "select",
        "id": "regular_weight",
        "label": "Weight",
        "options": [
          {
            "value": "lighter",
            "label": "Light"
          },
          {
            "value": "normal",
            "label": "Regular"
          },
          {
            "value": "bold",
            "label": "Bold"
          }
        ],
        "default": "normal"
      },
      {
        "type": "select",
        "id": "regular_font_style",
        "label": "Capitalization",
        "options": [
          {
            "value": "none",
            "label": "None"
          },
          {
            "value": "uppercase",
            "label": "Uppercase"
          },
          {
            "value": "lowercase",
            "label": "Lowercase"
          }
        ],
        "default": "none"
      },
      {
        "type": "range",
        "id": "regular_font_size",
        "label": "Base size",
        "min": 12,
        "max": 20,
        "default": 14,
        "unit": "px"
      },      
      {
        "type": "range",
        "id": "footer_font_size",
        "label": "Footer font size",
        "min": 12,
        "max": 20,
        "default": 14,
        "unit": "px"
      },
      {
        "type": "header",
        "content": "Banner headings"
      },
      {
        "type": "select",
        "id": "slideshow_headline_weight",
        "label": "Weight",
        "options": [
          {
            "value": "lighter",
            "label": "Light"
          },
          {
            "value": "normal",
            "label": "Regular"
          },
          {
            "value": "bold",
            "label": "Bold"
          }
        ],
        "default": "normal"
      },
      {
        "type": "range",
        "id": "slideshow_headline_size",
        "label": "Base size",
        "min": 20,
        "max": 60,
        "default": 42,
        "unit": "px"
      },      
      {
        "type": "header",
        "content": "Banner subheadings"
      },
      {
        "type": "select",
        "id": "slideshow_subtitle_font",
        "label": "Font",
        "options": [
          {
            "value": "Arial, 'Helvetica Neue', Helvetica, sans-serif",
            "label": "Arial",
            "group": "Sans-serif"
          },
          {
            "value": "'Avant Garde', Avantgarde, 'Century Gothic', CenturyGothic, 'AppleGothic', sans-serif",
            "label": "Avant Garde",
            "group": "Sans-serif"
          },
          {
            "value": "Candara, Calibri, Segoe, 'Segoe UI', Optima, Arial, sans-serif",
            "label": "Candara",
            "group": "Sans-serif"
          },
          {
            "value": "Futura, 'Century Gothic', AppleGothic, sans-serif",
            "label": "Futura",
            "group": "Sans-serif"
          },
          {
            "value": "'Gill Sans', 'Gill Sans MT', Calibri, sans-serif",
            "label": "Gill Sans",
            "group": "Sans-serif"
          },
          {
            "value": "'HelveticaNeue-Light', 'Helvetica Neue Light', 'HelveticaNeue', 'Helvetica Neue', Helvetica, Arial, sans-serif",
            "label": "Helvetica Neue",
            "group": "Sans-serif"
          },
          {
            "value": "'Lucida Grande', 'Lucida Sans Unicode', 'Lucida Sans', Lucida, Helvetica, Arial, sans-serif",
            "label": "Lucida Grande",
            "group": "Sans-serif"
          },
          {
            "value": "Verdana, Geneva, Tahoma, sans-serif",
            "label": "Verdana",
            "group": "Sans-serif"
          },
          {
            "value": "Google_Asap",
            "label": "Asap",
            "group": "Sans-serif | Google Fonts"
          },
          {
            "value": "Google_Cabin",
            "label": "Cabin",
            "group": "Sans-serif | Google Fonts"
          },
          {
            "value": "Google_Droid+Sans",
            "label": "Droid Sans",
            "group": "Sans-serif | Google Fonts"
          },
          {
            "value": "Google_Josefin+Sans",
            "label": "Josefin Sans",
            "group": "Sans-serif | Google Fonts"
          },
          {
            "value": "Google_Lato",
            "label": "Lato",
            "group": "Sans-serif | Google Fonts"
          },
          {
            "value": "Google_Montserrat",
            "label": "Montserrat",
            "group": "Sans-serif | Google Fonts"
          },
          {
            "value": "Google_Muli",
            "label": "Muli",
            "group": "Sans-serif | Google Fonts"
          },
          {
            "value": "Google_Open+Sans",
            "label": "Open Sans",
            "group": "Sans-serif | Google Fonts"
          },
          {
            "value": "Google_Open+Sans+Condensed",
            "label": "Open Sans Condensed",
            "group": "Sans-serif | Google Fonts"
          },
          {
            "value": "Google_Oswald",
            "label": "Oswald",
            "group": "Sans-serif | Google Fonts"
          },
          {
            "value": "Google_PT+Sans",
            "label": "PT Sans",
            "group": "Sans-serif | Google Fonts"
          },
          {
            "value": "Google_PT+Sans+Narrow",
            "label": "PT Sans Narrow",
            "group": "Sans-serif | Google Fonts"
          },
          {
            "value": "Google_Questrial",
            "label": "Questrial",
            "group": "Sans-serif | Google Fonts"
          },
          {
            "value": "Google_Raleway",
            "label": "Raleway",
            "group": "Sans-serif | Google Fonts"
          },
          {
            "value": "Google_Roboto",
            "label": "Roboto",
            "group": "Sans-serif | Google Fonts"
          },
          {
            "value": "Google_Source+Sans+Pro",
            "label": "Source Sans Pro",
            "group": "Sans-serif | Google Fonts"
          },
          {
            "value": "Google_Ubuntu",
            "label": "Ubuntu",
            "group": "Sans-serif | Google Fonts"
          },
          {
            "value": "Google_Unica+One",
            "label": "Unica One",
            "group": "Sans-serif | Google Fonts"
          },
          {
            "value": "'Big Caslon', 'Book Antiqua', 'Palatino Linotype', Georgia, serif",
            "label": "Big Caslon",
            "group": "Serif"
          },
          {
            "value": "'Calisto MT', 'Bookman Old Style', Bookman, 'Goudy Old Style', Garamond, 'Hoefler Text', 'Bitstream Charter', Georgia, serif",
            "label": "Calisto MT",
            "group": "Serif"
          },
          {
            "value": "Baskerville, 'Baskerville Old Face', 'Hoefler Text', Garamond, 'Times New Roman', serif",
            "label": "Baskerville",
            "group": "Serif"
          },
          {
            "value": "Garamond, Baskerville, 'Baskerville Old Face', 'Hoefler Text', 'Times New Roman', serif",
            "label": "Garamond",
            "group": "Serif"
          },
          {
            "value": "TimesNewRoman, 'Times New Roman', Times, Baskerville, Georgia, serif",
            "label": "Times New Roman",
            "group": "Serif"
          },
          {
            "value": "Google_Arvo",
            "label": "Arvo",
            "group": "Serif | Google Fonts"
          },
          {
            "value": "Google_Crimson+Text",
            "label": "Crimson Text",
            "group": "Serif | Google Fonts"
          },
          {
            "value": "Google_Droid+Serif",
            "label": "Droid Serif",
            "group": "Serif | Google Fonts"
          },
          {
            "value": "Google_Josefin+Slab",
            "label": "Josefin Slab",
            "group": "Serif | Google Fonts"
          },
          {
            "value": "Google_Kreon",
            "label": "Kreon",
            "group": "Serif | Google Fonts"
          },
          {
            "value": "Google_Lora",
            "label": "Lora",
            "group": "Serif | Google Fonts"
          },
          {
            "value": "Google_Merriweather",
            "label": "Merriweather",
            "group": "Serif | Google Fonts"
          },
          {
            "value": "Google_Old+Standard+TT",
            "label": "Old Standard",
            "group": "Serif | Google Fonts"
          },
          {
            "value": "Google_PT+Serif",
            "label": "PT Serif",
            "group": "Serif | Google Fonts"
          },
          {
            "value": "Google_Rokkitt",
            "label": "Rokkitt",
            "group": "Serif | Google Fonts"
          },
          {
            "value": "Google_Vollkorn",
            "label": "Vollkorn",
            "group": "Serif | Google Fonts"
          },


          {
            "value": "Google_Dancing+Script",
            "label": "Dancing Script",
            "group": "Handwriting | Google Fonts"
          },
          {
            "value": "Google_Just+Another+Hand",
            "label": "Just Another Hand",
            "group": "Handwriting | Google Fonts"
          },
          {
            "value": "Google_Parisienne",
            "label": "Parisienne",
            "group": "Handwriting | Google Fonts"
          },
          {
            "value": "Google_Permanent+Marker",
            "label": "Permanent Marker",
            "group": "Handwriting | Google Fonts"
          },

          {
            "value": "'Courier New', Courier, monospace",
            "label": "Courier New",
            "group": "Monospace"
          },
          {
            "value": "Monaco, 'Lucida Console', 'DejaVu Sans Mono', monospace",
            "label": "Monaco/Lucida Console",
            "group": "Monospace"
          }
        ]
      },
      {
        "type": "select",
        "id": "slideshow_subtitle_weight",
        "label": "Weight",
        "options": [
          {
            "value": "lighter",
            "label": "Light"
          },
          {
            "value": "normal",
            "label": "Regular"
          },
          {
            "value": "bold",
            "label": "Bold"
          }
        ],
        "default": "normal"
      },
      {
        "type": "select",
        "id": "slideshow_subtitle_font_style",
        "label": "Capitalization",
        "options": [
          {
            "value": "none",
            "label": "None"
          },
          {
            "value": "uppercase",
            "label": "Uppercase"
          },
          {
            "value": "lowercase",
            "label": "Lowercase"
          }
        ],
        "default": "none"
      },
      {
        "type": "select",
        "id": "slideshow_subtitle_font_text",
        "label": "Style",
        "options": [
          {
            "value": "normal",
            "label": "Normal"
          },
          {
            "value": "italic",
            "label": "Italic"
          }
        ],
        "default": "normal"
      },
      {
        "type": "range",
        "id": "slideshow_subtitle_size",
        "label": "Base size",
        "min": 16,
        "max": 60,
        "default": 20,
        "unit": "px"
      }
    ]
  },
  {
    "name": "Popup",
    "settings": [
      {
        "type": "paragraph",
        "content": "To test this feature, set the number of days until the popup is displayed again to test mode."
      },
      {
        "type": "checkbox",
        "id": "newsletter_popup",
        "label": "Enable popup"
      },
      {
        "type": "checkbox",
        "id": "newsletter_popup_mobile",
        "label": "Show popup on mobile"
      },      
      {
        "type": "text",
        "id": "newsletter_popup_title",
        "label": "Heading"
      },
      {
        "type": "image_picker",
        "id": "newsletter_popup_image",
        "label": "Image"
      },
      {
        "type": "richtext",
        "id": "newsletter_popup_text",
        "label": "Text"
      },
      {
        "type": "url",
        "id": "newsletter_popup_link",
        "label": "Link"
      },
      {
        "type": "checkbox",
        "id": "newsletter_popup_form",
        "label": "Show newsletter form",
        "default": true
      },
      {
        "type": "range",
        "id": "newsletter_popup_seconds",
        "label": "Popup delay",
        "min": 0,
        "max": 120,
        "step": 2,
        "default": 2,
        "unit": "sec"        
      },
      {
        "type": "select",
        "id": "newsletter_popup_days",
        "label": "Days until popup is displayed again",
        "options": [
          {
            "value": "0",
            "label": "Test Mode"
          },
          {
            "value": "2",
            "label": "2 days"
          },
          {
            "value": "7",
            "label": "7 days"
          },
          {
            "value": "14",
            "label": "14 days"
          },
          {
            "value": "30",
            "label": "30 days"
          },
          {
            "value": "90",
            "label": "90 days"
          },
          {
            "value": "365",
            "label": "365 days"
          }
        ],
        "default": "30"
      },
      {
        "type": "range",
        "id": "newsletter_popup_max_width",
        "label": "Maximum width",
        "min": 460,
        "max": 800,
        "step": 20,
        "default": 600
      },
      {
        "type": "header",
        "content": "Newsletter"
      },      
      {
        "type": "checkbox",
        "id": "display_first_name",
        "label": "Show first name"
      },
      {
        "type": "checkbox",
        "id": "display_last_name",
        "label": "Show last name"
      }      
    ]
  },
  {
    "name": "Social media",
    "settings": [
      {
        "type": "checkbox",
        "id": "display_social_buttons",
        "label": "Show social media share icons",
        "default": true
      },
      {
        "type": "checkbox",
        "id": "header_social_icons",
        "label": "Show social media header icons"
      },
      {
        "type": "checkbox",
        "id": "enable_social_links",
        "label": "Show social media footer icons",
        "default": true
      },
      {
        "type": "text",
        "id": "twitter_link",
        "label": "Twitter link",
        "info": "https://twitter.com/shopify"
      },
      {
        "type": "text",
        "id": "facebook_link",
        "label": "Facebook link",
        "info": "https://facebook.com/shopify"
      },
      {
        "type": "text",
        "id": "google_link",
        "label": "Google+ link",
        "info": "https://plus.google.com/+shopify"
      },
      {
        "type": "text",
        "id": "youtube_link",
        "label": "YouTube link",
        "info": "https://youtube.com/user/shopify"
      },
      {
        "type": "text",
        "id": "vimeo_link",
        "label": "Vimeo link",
        "info": "https://vimeo.com/shopify"
      },
      {
        "type": "text",
        "id": "pinterest_link",
        "label": "Pinterest link",
        "info": "https://pinterest.com/shopify"
      },
      {
        "type": "text",
        "id": "tumblr_link",
        "label": "Tumblr link",
        "info": "https://shopify.tumblr.com/"
      },
      {
        "type": "text",
        "id": "instagram_link",
        "label": "Instagram link",
        "info": "https://instagram.com/shopify"
      },
      {
        "type": "text",
        "id": "linkedin_link",
        "label": "LinkedIn link",
        "info": "https://linkedin.com/company/shopify"
      },
      {
        "type": "text",
        "id": "flickr_link",
        "label": "Flickr link",
        "info": "https://flickr.com/photos/shopify"
      },
      {
        "type": "text",
        "id": "email_link",
        "label": "Email address"
      }
    ]
  },
  {
    "name": "DISQUS comments",
    "settings": [
      {
        "type": "checkbox",
        "id": "disqus_enabled",
        "label": "Enable [DISQUS](http:\/\/disqus.com\/) comments",
        "info": "Replaces Shopify's default comments"
      },
      {
        "type": "text",
        "id": "disqus_shortname",
        "label": "[DISQUS](http:\/\/disqus.com\/) shortname"
      }
    ]
  },
  {
    "name": "Product grid",
    "settings": [
      {
        "type": "select",
        "id": "mobile_products_per_row",
        "label": "Products per row on mobile",
        "options": [
          {
            "value": "1",
            "label": "1"
          },
          {
            "value": "2",
            "label": "2"
          }
        ],
        "default": "2"
      },
      {
        "type": "checkbox",
        "id": "align_height",
        "label": "Align height of product images"
      },
      {
        "type": "range",
        "id": "collection_height",
        "label": "Product image height",
        "min": 150,
        "max": 400,
        "step": 10,
        "default": 200,
        "unit": "px"        
      },
      {
        "type": "select",
        "id": "collection_price_position",
        "label": "Product price alignment",
        "options": [
          {
            "value": "left",
            "label": "Left"
          },
          {
            "value": "center",
            "label": "Center"
          },
          {
            "value": "right",
            "label": "Right"
          }
        ],
        "default": "right"
      },
      {
        "type": "checkbox",
        "id": "collection_border",
        "label": "Show border under products",
        "default": true
      },
      {
        "type": "checkbox",
        "id": "collection_secondary_image",
        "label": "Show secondary product image"
      },
      {
        "type": "checkbox",
        "id": "display_vendor_collection",
        "label": "Show vendor"
      },
      {
        "type": "checkbox",
        "id": "sale_banner_enabled",
        "label": "Show sale banners"
      },
      {
        "type": "checkbox",
        "id": "collection_swatches",
        "label": "Show color swatches ([?](https:\/\/help.outofthesandbox.com\/hc\/en-us\/articles\/115006911447-Enabling-Color-Swatches-for-Products))"
      },
      {
        "type": "header",
        "content": "Product form"
      },
      {
        "type": "checkbox",
        "id": "display_product_quantity",
        "label": "Show quantity box"
      },
      {
        "type": "checkbox",
        "id": "display_inventory_left",
        "label": "Show inventory remaining"
      },
      {
        "type": "checkbox",
        "id": "notify_me_form",
        "label": "Enable \"back in stock request\" form"
      },
      {
        "type": "radio",
        "id": "product_form_style",
        "label": "Options style ([?](https:\/\/help.outofthesandbox.com\/hc\/en-us\/articles\/115006911447-Enabling-Color-Swatches-for-Products))",
        "options": [
          {
            "value": "dropdown",
            "label": "Select dropdown list"
          },
          {
            "value": "swatches",
            "label": "Color swatches"
          }
        ],
        "default": "dropdown"
      },
      {
        "type": "text",
        "id": "free_price_text",
        "label": "\"Free\" text (for $0 products)",
        "default": "Free"
      },
      {
        "type": "page",
        "id": "size_chart",
        "label": "Size chart ([?](https:\/\/help.outofthesandbox.com\/hc\/en-us\/articles\/115006910707-Using-the-Size-Chart-Sections-themes-))"
      },
      {
        "type": "header",
        "content": "Product gallery"
      },
      {
        "type": "select",
        "id": "product_slideshow_animation",
        "label": "Image gallery",
        "options": [
          {
            "value": "none",
            "label": "None"
          },
          {
            "value": "slide",
            "label": "Slide"
          },
          {
            "value": "fade",
            "label": "Fade"
          },
          {
            "value": "zoom",
            "label": "Hover to Zoom"
          }
        ]
      },
      {
        "type": "range",
        "id": "slideshow_speed",
        "label": "Change slides every",
        "min": 4,
        "max": 12,
        "step": 1,
        "default": 6,
        "unit": "sec"        
      },
      {
        "type": "select",
        "id": "thumbnail_position",
        "label": "Image gallery thumbnails",
        "default": "right-thumbnails",
        "options": [
          {
            "value": "no-thumbnails",
            "label": "None"
          },
          {
            "value": "left-thumbnails",
            "label": "Left"
          },
          {
            "value": "bottom-thumbnails",
            "label": "Bottom"
          },
          {
            "value": "right-thumbnails",
            "label": "Right"
          }
        ]
      },
      {
        "type": "header",
        "content": "Quick shop"
      },
      {
        "type": "checkbox",
        "id": "quick_shop_enabled",
        "label": "Enable quick shop"
      },
      {
        "type": "radio",
        "id": "product_description_position",
        "label": "Description position",
        "options": [
          {
            "value": "top",
            "label": "Above 'add to cart'"
          },
          {
            "value": "bottom",
            "label": "Below 'add to cart'"
          }
        ]
      },        
      {
        "type": "select",
        "id": "description_words",
        "label": "Product description truncated words",
        "options": [
          {
            "value": "none",
            "label": "None"
          },
          {
            "value": "10",
            "label": "10"
          },
          {
            "value": "15",
            "label": "15"
          },
          {
            "value": "20",
            "label": "20"
          },
          {
            "value": "25",
            "label": "25"
          },
          {
            "value": "30",
            "label": "30"
          },
          {
            "value": "35",
            "label": "35"
          },
          {
            "value": "40",
            "label": "40"
          }
        ],
        "default": "30"
      },
      {
        "type": "header",
        "content": "Reviews"
      },
      {
        "type": "paragraph",
        "content": "Before enabling reviews you will need to install the free [Shopify Product Reviews](https://apps.shopify.com/product-reviews) app."
      },
      {
        "type": "checkbox",
        "id": "enable_shopify_review_comments",
        "label": "Enable reviews",
        "default": false
      },
      {
        "type": "radio",
        "id": "review_position",
        "label": "Reviews position",
        "default": "bottom",
        "options": [
          {
            "value": "top",
            "label": "Top"
          },
          {
            "value": "bottom",
            "label": "Bottom"
          }
        ]
      },
      {
        "type": "checkbox",
        "id": "enable_shopify_collection_badges",
        "label": "Display star rating on collection thumbnails",
        "default": false
      },
      {
        "type": "checkbox",
        "id": "enable_shopify_product_badges",
        "label": "Display star rating on product page",
        "info": "Positioned below the product title",
        "default": false
      }
    ]
  },
  {
    "name": "Cart",
    "settings": [
      {
        "type": "select",
        "id": "cart_action",
        "label": "Cart type",
        "options": [
          {
            "value": "ajax",
            "label": "Popup"
          },
          {
            "value": "reload_page",
            "label": "Refresh"
          },
          {
            "value": "redirect_cart",
            "label": "Page"
          },
          {
            "value": "redirect_checkout",
            "label": "Checkout"
          }
        ],
        "default": "ajax"
      },
      {
        "type": "header",
        "content": "Shipping rates calculator"
      },
      {
        "type": "checkbox",
        "id": "show_shipping_calculator",
        "label": "Enable shipping rates calculator"
      },
      {
        "type": "text",
        "id": "shipping_calculator_default_country",
        "label": "Shipping calculator default country selection",
        "default": "United States"
      },
      {
        "type": "paragraph",
        "content": "If your customer is logged-in, the country in their default shipping address will be selected. If you are not sure about the spelling to use above, refer to your first checkout page."
      }      
    ]
  },
  {
    "name": "Currency",
    "settings": [
      {
        "type": "checkbox",
        "id": "show_multiple_currencies",
        "label": "Enable currency conversion",
        "default": false,
        "info": "Even though prices are displayed in different currencies, orders will still be processed in your store's currency."
      },
      {
        "type": "select",
        "id": "currency_format",
        "label": "Format",
        "options": [
          {
            "value": "money_format",
            "label": "Without currency ($10.00)"
          },
          {
            "value": "money_with_currency_format",
            "label": "With currency ($10.00 CAD)"
          }
        ],
        "default": "money_with_currency_format"
      },
      {
        "type": "text",
        "id": "supported_currencies",
        "label": "Supported currencies",
        "default": "USD CAD INR GBP AUD EUR JPY",
        "info": "Use the country's ISO [currency code](http://www.xe.com/iso4217.php). Separate your currency codes with a space."
      },
      {
        "type": "text",
        "id": "default_currency",
        "label": "Default currency",
        "default": "USD"
      }
    ]
  },
  {
    "name": "Search",
    "settings": [
      {
       "type": "select",
       "id": "search_option",
       "label": "Search results",
       "options": [
         {
           "value": "products",
           "label": "Products"
         },
         {
           "value": "everything",
           "label": "Everything"
         }
       ],
       "default": "products"
      }
    ]
  },
 {
    "name": "Favicon",
    "settings": [
      {
        "type": "image_picker",
        "id": "favicon",
        "label": "Favicon",
        "info": "32 x 32px .png required"
      }
    ]
  }
]
